genome_id	Phylum	Family	Genus	Genus_no	product	Category	n_Category	gtdb_classification	Hits	% genomes with BGC	new_label
088-SA-05.bin.2.157	Chloroflexi	Ca_Promineofilaceae	Ca_Promineofilum	33	Uncharacterised	Uncharacterised	1	d__Bacteria;p__Chloroflexota;c__Anaerolineae;o__Promineifilales;f__Promineifilaceae;g__Promineifilum;s__	32	96.97	Chloroflexi Ca_Promineofilum (33)
091-US1-126.bin.1.841	Actinobacteriota	Mycobacteriaceae	Mycobacterium	56	Uncharacterised	Uncharacterised	1	d__Bacteria;p__Actinomycetota;c__Actinomycetes;o__Mycobacteriales;f__Mycobacteriaceae;g__Mycobacterium;s__	46	82.14	Actinobacteriota Mycobacterium (56)
008-AR-23.bin.4.1000	Acidobacteriota	midas_f_1424	Other Genera	7120	Uncharacterised	Uncharacterised	1	d__Bacteria;p__Acidobacteriota;c__Blastocatellia;o__RBC074;f__RBC074;g__RBC074;s__	4485	62.99	Other Genera (7120)
013-IT-11.bin.2.205	Planctomycetota	Pirellulaceae	Pirellula	81	Uncharacterised	Uncharacterised	1	d__Bacteria;p__Planctomycetota;c__Planctomycetia;o__Pirellulales;f__Pirellulaceae;g__Aureliella;s__	77	95.06	Planctomycetota Pirellula (81)
048-UY-15.bin.2.133	Actinobacteriota	Nocardioidaceae	Nocardioides	49	Uncharacterised	Uncharacterised	1	d__Bacteria;p__Actinomycetota;c__Actinomycetes;o__Propionibacteriales;f__Nocardioidaceae;g__Nocardioides;s__	43	87.76	Actinobacteriota Nocardioides (49)
017-IL-02.bin.2.238	Bacteroidota	NS9_marine_group	midas_g_3186	22	Uncharacterised	Uncharacterised	1	d__Bacteria;p__Bacteroidota;c__Bacteroidia;o__Flavobacteriales;f__PHOS-HE28;g__PHOS-HE28;s__PHOS-HE28 sp020847755	22	100	Bacteroidota midas_g_3186 (22)
025-FI-01.bin.1.30	Bacteroidota	Flavobacteriaceae	Flavobacterium	78	Uncharacterised	Uncharacterised	1	d__Bacteria;p__Bacteroidota;c__Bacteroidia;o__Flavobacteriales;f__Flavobacteriaceae;g__Flavobacterium;s__	74	94.87	Bacteroidota Flavobacterium (78)
076-IN-18.bin.1.648	Actinobacteriota	Iamiaceae	Iamia	74	Uncharacterised	Uncharacterised	1	d__Bacteria;p__Actinomycetota;c__Acidimicrobiia;o__Acidimicrobiales;f__Iamiaceae;g__JAGQSI01;s__	72	97.3	Actinobacteriota Iamia (74)
099-UY-16.bin.1.34	Bacteroidota	Paludibacteraceae	Paludibacter	22	Uncharacterised	Uncharacterised	1	d__Bacteria;p__Bacteroidota;c__Bacteroidia;o__Bacteroidales;f__Paludibacteraceae;g__Paludibacter;s__	18	81.82	Bacteroidota Paludibacter (22)
038-SE-10.bin.1.176	Proteobacteria	Comamonadaceae	midas_g_81	73	Zooglan	Wzx/Wzy	3	d__Bacteria;p__Pseudomonadota;c__Gammaproteobacteria;o__Burkholderiales;f__Burkholderiaceae;g__Aquabacterium_A;s__	48	65.75	Proteobacteria midas_g_81 (73)
086-SA-02.bin.1.107	Proteobacteria	midas_f_406	Stella	7	Uncharacterised	Uncharacterised	1	d__Bacteria;p__Pseudomonadota;c__Alphaproteobacteria;o__ATCC43930;f__Stellaceae;g__AP-15;s__	4	57.14	Proteobacteria Stella (7)
016-PL-06.bin.1.333	Actinobacteriota	Microtrichaceae	midas_g_120	6	Uncharacterised	Uncharacterised	1	d__Bacteria;p__Actinomycetota;c__Acidimicrobiia;o__Acidimicrobiales;f__Microtrichaceae;g__UBA11034;s__UBA11034 sp003514205	6	100	Actinobacteriota midas_g_120 (6)
050-BE-09.bin.1.256	Proteobacteria	midas_f_98	midas_g_523	9	Uncharacterised	Uncharacterised	1	d__Bacteria;p__Pseudomonadota;c__Gammaproteobacteria;o__Steroidobacterales;f__Steroidobacteraceae;g__CADEFQ01;s__	9	100	Proteobacteria midas_g_523 (9)
061-AU-11.bin.1.622	Actinobacteriota	midas_f_5	midas_g_399	20	Uncharacterised	Uncharacterised	1	d__Bacteria;p__Actinomycetota;c__Actinomycetes;o__S36-B12;f__UBA10799;g__JADKAV01;s__	14	70	Actinobacteriota midas_g_399 (20)
072-HK-05.bin.2.169	Myxococcota	Haliangiaceae	Haliangium	89	Pel	Synthase	2	d__Bacteria;p__Myxococcota;c__Polyangia;o__Palsa-1104;f__JAEUJZ01;g__CALFML01;s__	7	7.87	Myxococcota Haliangium (89)
050-BE-09.bin.1.145	Bdellovibrionota	Bdellovibrionaceae	Bdellovibrio	157	Uncharacterised	Uncharacterised	1	d__Bacteria;p__Bdellovibrionota;c__Bdellovibrionia;o__Bdellovibrionales;f__Bdellovibrionaceae;g__Pseudobdellovibrio;s__	30	19.11	Bdellovibrionota Bdellovibrio (157)
025-FI-01.bin.2.353	Bacteroidota	Chitinophagaceae	Ferruginibacter	92	Uncharacterised	Uncharacterised	1	d__Bacteria;p__Bacteroidota;c__Bacteroidia;o__Chitinophagales;f__Chitinophagaceae;g__Ferruginibacter;s__	89	96.74	Bacteroidota Ferruginibacter (92)
087-SA-04.bin.1.349	Chloroflexi	Anaerolineaceae	Ca_Villigracilis	45	Uncharacterised	Uncharacterised	1	d__Bacteria;p__Chloroflexota;c__Anaerolineae;o__Anaerolineales;f__Villigracilaceae;g__Denitrolinea;s__	42	93.33	Chloroflexi Ca_Villigracilis (45)
002-MX-07.bin.1.387	Actinobacteriota	67-14	midas_g_52	25	Uncharacterised	Uncharacterised	1	d__Bacteria;p__Actinomycetota;c__Thermoleophilia;o__Solirubrobacterales;f__70-9;g__67-14;s__	23	92	Actinobacteriota midas_g_52 (25)
008-AR-23.bin.2.318	Verrucomicrobiota	Pedosphaeraceae	midas_g_5504	43	Uncharacterised	Uncharacterised	1	d__Bacteria;p__Verrucomicrobiota;c__Verrucomicrobiae;o__Limisphaerales;f__UBA11358;g__JADLHS01;s__	41	95.35	Verrucomicrobiota midas_g_5504 (43)
066-CH-22.bin.1.46	Bacteroidota	Chitinophagaceae	midas_g_679	43	Uncharacterised	Uncharacterised	1	d__Bacteria;p__Bacteroidota;c__Bacteroidia;o__Chitinophagales;f__Chitinophagaceae;g__OLB11;s__	20	46.51	Bacteroidota midas_g_679 (43)
018-CH-08.bin.1.366	Proteobacteria	Comamonadaceae	Rhizobacter	14	Zooglan	Wzx/Wzy	3	d__Bacteria;p__Pseudomonadota;c__Gammaproteobacteria;o__Burkholderiales;f__Burkholderiaceae;g__PBB1;s__PBB1 sp017986065	4	28.57	Proteobacteria Rhizobacter (14)
017-IL-02.bin.1.4	Proteobacteria	Nitrosomonadaceae	oc32	8	Zooglan	Wzx/Wzy	3	d__Bacteria;p__Pseudomonadota;c__Gammaproteobacteria;o__Burkholderiales;f__Ga0077523;g__Ga0077523;s__	6	75	Proteobacteria oc32 (8)
043-US1-27.bin.c.15	Proteobacteria	midas_f_27	midas_g_70	9	Uncharacterised	Uncharacterised	1	d__Bacteria;p__Pseudomonadota;c__Gammaproteobacteria;o__Chromatiales;f__Chromatiaceae;g__M0108;s__	9	100	Proteobacteria midas_g_70 (9)
060-AU-05.bin.1.864	Bacteroidota	env.OPS_17	midas_g_3838	19	Uncharacterised	Uncharacterised	1	d__Bacteria;p__Bacteroidota;c__Bacteroidia;o__B-17B0;f__B-17BO;g__UBA4416;s__	18	94.74	Bacteroidota midas_g_3838 (19)
045-US1-87.bin.1.201	Verrucomicrobiota	Verrucomicrobiaceae	midas_g_3108	12	Uncharacterised	Uncharacterised	1	d__Bacteria;p__Verrucomicrobiota;c__Verrucomicrobiae;o__Verrucomicrobiales;f__V1-33;g__V1-33;s__	4	33.33	Verrucomicrobiota midas_g_3108 (12)
094-US2-01.bin.1.800	Proteobacteria	Defluviicoccaceae	Defluviicoccus	38	Uncharacterised	Uncharacterised	1	d__Bacteria;p__Pseudomonadota;c__Alphaproteobacteria;o__Rhodospirillales_A;f__UXAT02;g__Defluviicoccus;s__	37	97.37	Proteobacteria Defluviicoccus (38)
020-NO1-03.bin.1.105	Proteobacteria	Comamonadaceae	Aquabacterium	15	Uncharacterised	Uncharacterised	1	d__Bacteria;p__Pseudomonadota;c__Gammaproteobacteria;o__Burkholderiales;f__Burkholderiaceae;g__Aquabacterium;s__	15	100	Proteobacteria Aquabacterium (15)
060-AU-05.bin.1.485	Bacteroidota	Chitinophagaceae	Terrimonas	67	Uncharacterised	Uncharacterised	1	d__Bacteria;p__Bacteroidota;c__Bacteroidia;o__Chitinophagales;f__Chitinophagaceae;g__JJ008;s__	63	94.03	Bacteroidota Terrimonas (67)
072-HK-05.bin.1.22	Proteobacteria	Beijerinckiaceae	midas_g_534	23	Uncharacterised	Uncharacterised	1	d__Bacteria;p__Pseudomonadota;c__Alphaproteobacteria;o__Rhizobiales;f__Beijerinckiaceae;g__JAJXWB01;s__	23	100	Proteobacteria midas_g_534 (23)
031-CZ-17.bin.1.502	Proteobacteria	Hyphomicrobiaceae	Hyphomicrobium	110	Hyphomicrobiaceae EPS	Uncharacterised	1	d__Bacteria;p__Pseudomonadota;c__Alphaproteobacteria;o__Rhizobiales;f__Hyphomicrobiaceae;g__Hyphomicrobium_B;s__	61	55.45	Proteobacteria Hyphomicrobium (110)
053-PL-24.bin.2.127	Proteobacteria	Nitrosomonadaceae	Nitrosomonas	48	Uncharacterised	Uncharacterised	1	d__Bacteria;p__Pseudomonadota;c__Gammaproteobacteria;o__Burkholderiales;f__Nitrosomonadaceae;g__Nitrosomonas;s__	41	85.42	Proteobacteria Nitrosomonas (48)
078-MX-10.bin.2.129	Proteobacteria	Rhodocyclaceae	Thauera	14	Zooglan	Wzx/Wzy	3	d__Bacteria;p__Pseudomonadota;c__Gammaproteobacteria;o__Burkholderiales;f__Rhodocyclaceae;g__Thauera;s__Thauera sp017997795	10	71.43	Proteobacteria Thauera (14)
034-IT-09.bin.1.375	Bacteroidota	NS11-12_marine_group	midas_g_11201	11	Uncharacterised	Uncharacterised	1	d__Bacteria;p__Bacteroidota;c__Bacteroidia;o__NS11-12g;f__UBA9320;g__JABWCE01;s__	10	90.91	Bacteroidota midas_g_11201 (11)
018-CH-08.bin.1.668	Verrucomicrobiota	Pedosphaeraceae	DEV114	13	Uncharacterised	Uncharacterised	1	d__Bacteria;p__Verrucomicrobiota;c__Verrucomicrobiae;o__Limisphaerales;f__UBA9464;g__SXSK01;s__	12	92.31	Verrucomicrobiota DEV114 (13)
032-ES-07.bin.1.382	Proteobacteria	Xanthomonadaceae	Arenimonas	14	Uncharacterised	Uncharacterised	1	d__Bacteria;p__Pseudomonadota;c__Gammaproteobacteria;o__Xanthomonadales;f__Xanthomonadaceae;g__Chiayiivirga;s__	11	78.57	Proteobacteria Arenimonas (14)
013-IT-11.bin.1.567	Proteobacteria	Moraxellaceae	Acinetobacter	9	PNAG (*pga*)	Synthase	2	d__Bacteria;p__Pseudomonadota;c__Gammaproteobacteria;o__Pseudomonadales;f__Moraxellaceae;g__Acinetobacter;s__	2	22.22	Proteobacteria Acinetobacter (9)
076-IN-18.bin.1.603	Proteobacteria	Comamonadaceae	Acidovorax	10	Pel	Synthase	2	d__Bacteria;p__Pseudomonadota;c__Gammaproteobacteria;o__Burkholderiales;f__Burkholderiaceae;g__Paenacidovorax;s__Paenacidovorax caeni	3	30	Proteobacteria Acidovorax (10)
054-AR-04.bin.1.459	Proteobacteria	Rhizobiaceae	Mesorhizobium	38	Rhizobiaceae EPS	Uncharacterised	1	d__Bacteria;p__Pseudomonadota;c__Alphaproteobacteria;o__Rhizobiales;f__Rhizobiaceae;g__DUSC01;s__	26	68.42	Proteobacteria Mesorhizobium (38)
019-HK-04.bin.1.94	Planctomycetota	Rubinisphaeraceae	SH-PL14	26	Uncharacterised	Uncharacterised	1	d__Bacteria;p__Planctomycetota;c__Planctomycetia;o__Planctomycetales;f__Planctomycetaceae;g__;s__	25	96.15	Planctomycetota SH-PL14 (26)
002-MX-07.bin.1.277	Myxococcota	Myxococcaceae	P3OB-42	45	Uncharacterised	Uncharacterised	1	d__Bacteria;p__Myxococcota;c__WYAZ01;o__WYAZ01;f__WYAZ01;g__;s__	39	86.67	Myxococcota P3OB-42 (45)
086-SA-02.bin.1.70	Proteobacteria	Xanthobacteraceae	Rhodoplanes	23	Uncharacterised	Uncharacterised	1	d__Bacteria;p__Pseudomonadota;c__Alphaproteobacteria;o__Rhizobiales;f__Xanthobacteraceae;g__JADGHE01;s__	23	100	Proteobacteria Rhodoplanes (23)
092-US1-44.bin.1.410	Proteobacteria	Sphingomonadaceae	Novosphingobium	76	Uncharacterised	Uncharacterised	1	d__Bacteria;p__Pseudomonadota;c__Alphaproteobacteria;o__Sphingomonadales;f__Sphingomonadaceae;g__Sphingomicrobium;s__	48	63.16	Proteobacteria Novosphingobium (76)
058-AR-20.bin.1.199	Planctomycetota	Rubinisphaeraceae	midas_g_1221	30	Uncharacterised	Uncharacterised	1	d__Bacteria;p__Planctomycetota;c__Planctomycetia;o__Planctomycetales;f__Planctomycetaceae;g__SXXK01;s__	28	93.33	Planctomycetota midas_g_1221 (30)
008-AR-23.bin.1.277	Bdellovibrionota	Bdellovibrionaceae	OM27_clade	29	Uncharacterised	Uncharacterised	1	d__Bacteria;p__Myxococcota;c__UBA796;o__UBA796;f__;g__;s__	19	65.52	Bdellovibrionota OM27_clade (29)
091-US1-126.bin.1.295	Proteobacteria	Steroidobacteraceae	midas_g_98	25	Uncharacterised	Uncharacterised	1	d__Bacteria;p__Pseudomonadota;c__Gammaproteobacteria;o__Steroidobacterales;f__Steroidobacteraceae;g__RPQJ01;s__	23	92	Proteobacteria midas_g_98 (25)
054-AR-04.bin.1.133	Proteobacteria	Hyphomicrobiaceae	Pedomicrobium	43	Curdlan-like	Synthase (relaxed)	2	d__Bacteria;p__Pseudomonadota;c__Alphaproteobacteria;o__Rhizobiales;f__Hyphomicrobiaceae;g__Ga0077530;s__	11	25.58	Proteobacteria Pedomicrobium (43)
090-US1-124.bin.1.483	Planctomycetota	Gemmataceae	Gemmata	14	Uncharacterised	Uncharacterised	1	d__Bacteria;p__Planctomycetota;c__Planctomycetia;o__Gemmatales;f__Gemmataceae;g__Urbifossiella;s__	12	85.71	Planctomycetota Gemmata (14)
066-CH-22.bin.1.387	Nitrospirota	Nitrospiraceae	Nitrospira	46	Uncharacterised	Uncharacterised	1	d__Bacteria;p__Nitrospirota;c__Nitrospiria;o__Nitrospirales;f__Nitrospiraceae;g__Nitrospira_A;s__	46	100	Nitrospirota Nitrospira (46)
067-CH-23.bin.1.231	Proteobacteria	Rhodobacteraceae	midas_g_57	17	Uncharacterised	Uncharacterised	1	d__Bacteria;p__Pseudomonadota;c__Alphaproteobacteria;o__Rhizobiales;f__Aestuariivirgaceae;g__Aestuariivirga;s__	14	82.35	Proteobacteria midas_g_57 (17)
020-NO1-03.bin.1.414	Bacteroidota	midas_f_108	midas_g_558	32	Uncharacterised	Uncharacterised	1	d__Bacteria;p__Bacteroidota;c__Bacteroidia;o__Chitinophagales;f__JADIYW01;g__JADJSS01;s__	10	31.25	Bacteroidota midas_g_558 (32)
072-HK-05.bin.1.212	Proteobacteria	Comamonadaceae	midas_g_33	8	Uncharacterised	Uncharacterised	1	d__Bacteria;p__Pseudomonadota;c__Gammaproteobacteria;o__Burkholderiales;f__Burkholderiaceae;g__JADKHE01;s__	5	62.5	Proteobacteria midas_g_33 (8)
065-CA-03.bin.1.148	Bacteroidota	Prolixibacteraceae	midas_g_422	9	Uncharacterised	Uncharacterised	1	d__Bacteria;p__Bacteroidota;c__Bacteroidia;o__Bacteroidales;f__Prolixibacteraceae;g__Draconibacterium;s__Draconibacterium sp016705335	8	88.89	Bacteroidota midas_g_422 (9)
045-US1-87.bin.1.483	Proteobacteria	Devosiaceae	Devosia	30	Uncharacterised	Uncharacterised	1	d__Bacteria;p__Pseudomonadota;c__Alphaproteobacteria;o__Rhizobiales;f__Devosiaceae;g__Devosia_A;s__	30	100	Proteobacteria Devosia (30)
015-DE-14.bin.1.454	Verrucomicrobiota	Verrucomicrobiaceae	Prosthecobacter	22	Uncharacterised	Uncharacterised	1	d__Bacteria;p__Verrucomicrobiota;c__Verrucomicrobiae;o__Verrucomicrobiales;f__Verrucomicrobiaceae;g__Prosthecobacter;s__	22	100	Verrucomicrobiota Prosthecobacter (22)
089-SG-01.bin.1.479	Myxococcota	Sandaracinaceae	Sandaracinus	21	Uncharacterised	Uncharacterised	1	d__Bacteria;p__Myxococcota;c__Polyangia;o__Polyangiales;f__Sandaracinaceae;g__JAFLCL01;s__	12	57.14	Myxococcota Sandaracinus (21)
060-AU-05.bin.3.830	Acidobacteriota	Holophagaceae	Geothrix	15	Uncharacterised	Uncharacterised	1	d__Bacteria;p__Acidobacteriota;c__Holophagae;o__Holophagales;f__Holophagaceae;g__JACQZU01;s__	7	46.67	Acidobacteriota Geothrix (15)
004-NL-18.bin.1.6	Acidobacteriota	Vicinamibacteraceae	Luteitalea	15	Uncharacterised	Uncharacterised	1	d__Bacteria;p__Acidobacteriota;c__Vicinamibacteria;o__Vicinamibacterales;f__JAFNAJ01;g__JAEUQQ01;s__JAEUQQ01 sp016789685	15	100	Acidobacteriota Luteitalea (15)
067-CH-23.bin.3.419	Verrucomicrobiota	Pedosphaeraceae	SH3-11	13	Uncharacterised	Uncharacterised	1	d__Bacteria;p__Verrucomicrobiota;c__Verrucomicrobiae;o__Limisphaerales;f__UBA9464;g__UBA9464;s__	11	84.62	Verrucomicrobiota SH3-11 (13)
045-US1-87.bin.1.37	Proteobacteria	Rhodobacteraceae	Paracoccus	9	Uncharacterised	Uncharacterised	1	d__Bacteria;p__Pseudomonadota;c__Alphaproteobacteria;o__Rhodobacterales;f__Rhodobacteraceae;g__QY30;s__	8	88.89	Proteobacteria Paracoccus (9)
045-US1-87.bin.1.15	Proteobacteria	Competibacteraceae	Ca_Competibacter	48	Uncharacterised	Uncharacterised	1	d__Bacteria;p__Pseudomonadota;c__Gammaproteobacteria;o__Competibacterales;f__Competibacteraceae;g__UBA2383;s__UBA2383 sp002343485	36	75	Proteobacteria Ca_Competibacter (48)
094-US2-01.bin.1.84	Bacteroidota	midas_f_536	midas_g_536	6	Uncharacterised	Uncharacterised	1	d__Bacteria;p__Bacteroidota;c__Bacteroidia;o__Chitinophagales;f__BACL12;g__UBA7236;s__	6	100	Bacteroidota midas_g_536 (6)
044-US1-41.bin.1.6	Bacteroidota	env.OPS_17	midas_g_2243	14	Uncharacterised	Uncharacterised	1	d__Bacteria;p__Bacteroidota;c__Bacteroidia;o__UBA4408;f__UBA4408;g__CAIKXD01;s__	14	100	Bacteroidota midas_g_2243 (14)
071-HK-01.bin.1.182	Proteobacteria	Rhodobacteraceae	Defluviimonas	33	Uncharacterised	Uncharacterised	1	d__Bacteria;p__Pseudomonadota;c__Alphaproteobacteria;o__Rhodobacterales;f__Rhodobacteraceae;g__TMP-24;s__	32	96.97	Proteobacteria Defluviimonas (33)
028-AU-34.bin.1.735	Verrucomicrobiota	Pedosphaeraceae	Oikopleura	37	Uncharacterised	Uncharacterised	1	d__Bacteria;p__Verrucomicrobiota;c__Verrucomicrobiae;o__Limisphaerales;f__CAIMTB01;g__CAIMTB01;s__	36	97.3	Verrucomicrobiota Oikopleura (37)
054-AR-04.bin.1.299	Actinobacteriota	Microbacteriaceae	Microbacterium	19	Uncharacterised	Uncharacterised	1	d__Bacteria;p__Actinomycetota;c__Actinomycetes;o__Actinomycetales;f__Microbacteriaceae;g__Microbacterium;s__	12	63.16	Actinobacteriota Microbacterium (19)
008-AR-23.bin.1.83	Proteobacteria	Moraxellaceae	midas_g_9954	10	Pel	Synthase	2	d__Bacteria;p__Pseudomonadota;c__Gammaproteobacteria;o__Pseudomonadales;f__Moraxellaceae;g__UBA2031;s__	7	70	Proteobacteria midas_g_9954 (10)
098-UY-13.bin.1.263	Actinobacteriota	Intrasporangiaceae	Ca_Phosphoribacter	24	Uncharacterised	Uncharacterised	1	d__Bacteria;p__Actinomycetota;c__Actinomycetes;o__Actinomycetales;f__Dermatophilaceae;g__Phosphoribacter;s__Phosphoribacter hodrii	23	95.83	Actinobacteriota Ca_Phosphoribacter (24)
017-IL-02.bin.1.569	Proteobacteria	Moraxellaceae	Fluviicoccus	6	Pel	Synthase	2	d__Bacteria;p__Pseudomonadota;c__Gammaproteobacteria;o__Pseudomonadales;f__Moraxellaceae;g__Fluviicoccus;s__	6	100	Proteobacteria Fluviicoccus (6)
038-SE-10.bin.1.90	Proteobacteria	Rhodobacteraceae	midas_g_75	18	Uncharacterised	Uncharacterised	1	d__Bacteria;p__Pseudomonadota;c__Alphaproteobacteria;o__Rhizobiales;f__Aestuariivirgaceae;g__Aestuariivirga;s__Aestuariivirga sp016710435	17	94.44	Proteobacteria midas_g_75 (18)
029-CA-06.bin.2.60	Proteobacteria	Rhodocyclaceae	Sulfuritalea	35	Uncharacterised	Uncharacterised	1	d__Bacteria;p__Pseudomonadota;c__Gammaproteobacteria;o__Burkholderiales;f__Rhodocyclaceae;g__Sulfuritalea;s__	21	60	Proteobacteria Sulfuritalea (35)
058-AR-20.bin.1.111	Proteobacteria	Sphingomonadaceae	midas_g_59	23	Uncharacterised	Uncharacterised	1	d__Bacteria;p__Pseudomonadota;c__Alphaproteobacteria;o__Sphingomonadales;f__Sphingomonadaceae;g__Aquisediminimonas;s__Aquisediminimonas sp937873035	21	91.3	Proteobacteria midas_g_59 (23)
004-NL-18.bin.3.705	Acidobacteriota	midas_f_1096	midas_g_1096	19	Uncharacterised	Uncharacterised	1	d__Bacteria;p__Acidobacteriota;c__Vicinamibacteria;o__Fen-336;f__JAGNNV01;g__JAGNNV01;s__	19	100	Acidobacteriota midas_g_1096 (19)
072-HK-05.bin.1.629	Chloroflexi	midas_f_731	Ca_Amarobacter	30	Uncharacterised	Uncharacterised	1	d__Bacteria;p__Chloroflexota;c__Dehalococcoidia;o__Tepidiformales;f__Tepidiformaceae;g__;s__	15	50	Chloroflexi Ca_Amarobacter (30)
027-AU-18.bin.c.8	Planctomycetota	Gemmataceae	Fimbriiglobus	24	Uncharacterised	Uncharacterised	1	d__Bacteria;p__Planctomycetota;c__Planctomycetia;o__Gemmatales;f__Gemmataceae;g__JAIXLE01;s__	23	95.83	Planctomycetota Fimbriiglobus (24)
061-AU-11.bin.1.225	Proteobacteria	Rhodanobacteraceae	Ahniella	24	Uncharacterised	Uncharacterised	1	d__Bacteria;p__Pseudomonadota;c__Gammaproteobacteria;o__Xanthomonadales;f__Ahniellaceae;g__JAGOEZ01;s__	20	83.33	Proteobacteria Ahniella (24)
004-NL-18.bin.1.710	Desulfobacterota	midas_f_1334	midas_g_1334	13	Cellulose-like	Synthase (relaxed)	2	d__Bacteria;p__Myxococcota;c__UBA9042;o__PHBI01;f__PHBI01;g__WYBB01;s__	3	23.08	Desulfobacterota midas_g_1334 (13)
006-MY-06.bin.1.900	Acidobacteriota	Thermoanaerobaculaceae	Subgroup_10	33	Uncharacterised	Uncharacterised	1	d__Bacteria;p__Acidobacteriota;c__Thermoanaerobaculia;o__Multivoradales;f__UBA5704;g__JAAYLR01;s__	30	90.91	Acidobacteriota Subgroup_10 (33)
067-CH-23.bin.1.435	Proteobacteria	Rhodobacteraceae	Rhodobacter	61	Rhodobacteraceae EPS	Uncharacterised	1	d__Bacteria;p__Pseudomonadota;c__Alphaproteobacteria;o__Rhodobacterales;f__Rhodobacteraceae;g__JAIYDJ01;s__	18	29.51	Proteobacteria Rhodobacter (61)
001-SG-02.bin.1.504	Proteobacteria	Rhodocyclaceae	Ca_Accumulibacter	55	Uncharacterised	Uncharacterised	1	d__Bacteria;p__Pseudomonadota;c__Gammaproteobacteria;o__Burkholderiales;f__Rhodocyclaceae;g__Accumulibacter;s__	32	58.18	Proteobacteria Ca_Accumulibacter (55)
072-HK-05.bin.1.276	Acidobacteriota	Blastocatellaceae	JGI_0001001-H03	24	Uncharacterised	Uncharacterised	1	d__Bacteria;p__Acidobacteriota;c__Blastocatellia;o__Pyrinomonadales;f__Pyrinomonadaceae;g__OLB17;s__	24	100	Acidobacteriota JGI_0001001-H03 (24)
035-MX-06.bin.1.119	Bacteroidota	Lentimicrobiaceae	Lentimicrobium	20	Uncharacterised	Uncharacterised	1	d__Bacteria;p__Bacteroidota;c__Bacteroidia;o__Bacteroidales;f__Lentimicrobiaceae;g__Lentimicrobium;s__Lentimicrobium sp016788045	13	65	Bacteroidota Lentimicrobium (20)
059-AT-02.bin.1.231	Proteobacteria	Comamonadaceae	Rhodoferax	48	Uncharacterised	Uncharacterised	1	d__Bacteria;p__Pseudomonadota;c__Gammaproteobacteria;o__Burkholderiales;f__Burkholderiaceae;g__CAISIP01;s__	24	50	Proteobacteria Rhodoferax (48)
001-SG-02.bin.1.129	Proteobacteria	Comamonadaceae	Rubrivivax	17	Zooglan	Wzx/Wzy	3	d__Bacteria;p__Pseudomonadota;c__Gammaproteobacteria;o__Burkholderiales;f__Burkholderiaceae;g__Rubrivivax;s__	8	47.06	Proteobacteria Rubrivivax (17)
099-UY-16.bin.3.260	Proteobacteria	Moraxellaceae	Agitococcus_lubricus_group	12	PNAG (*pga*)-like	Synthase (relaxed)	2	d__Bacteria;p__Pseudomonadota;c__Gammaproteobacteria;o__Pseudomonadales;f__Moraxellaceae;g__Agitococcus;s__	1	8.33	Proteobacteria Agitococcus_lubricus_group (12)
083-NL-13.bin.1.593	Bacteroidota	NS9_marine_group	midas_g_385	14	NS9 marine group EPS III	Uncharacterised	1	d__Bacteria;p__Bacteroidota;c__Bacteroidia;o__Flavobacteriales;f__PHOS-HE28;g__PHOS-HE28;s__	12	85.71	Bacteroidota midas_g_385 (14)
045-US1-87.bin.3.672	Proteobacteria	Comamonadaceae	Piscinibacter	16	Uncharacterised	Uncharacterised	1	d__Bacteria;p__Pseudomonadota;c__Gammaproteobacteria;o__Burkholderiales;f__Burkholderiaceae;g__Piscinibacter;s__	16	100	Proteobacteria Piscinibacter (16)
012-PT-06.bin.1.383	Proteobacteria	Rhodocyclaceae	Denitratisoma	11	Uncharacterised	Uncharacterised	1	d__Bacteria;p__Pseudomonadota;c__Gammaproteobacteria;o__Burkholderiales;f__Rhodocyclaceae;g__Desulfobacillus;s__Desulfobacillus sp905339315	4	36.36	Proteobacteria Denitratisoma (11)
054-AR-04.bin.1.263	Proteobacteria	Comamonadaceae	Hydrogenophaga	20	Uncharacterised	Uncharacterised	1	d__Bacteria;p__Pseudomonadota;c__Gammaproteobacteria;o__Burkholderiales;f__Burkholderiaceae;g__Hydrogenophaga;s__	16	80	Proteobacteria Hydrogenophaga (20)
004-NL-18.bin.1.288	Chloroflexi	Caldilineaceae	midas_g_5463	23	Uncharacterised	Uncharacterised	1	d__Bacteria;p__Chloroflexota;c__Anaerolineae;o__Caldilineales;f__Caldilineaceae;g__Fredericiella;s__	23	100	Chloroflexi midas_g_5463 (23)
002-MX-07.bin.1.718	Proteobacteria	Hydrogenophilaceae	midas_g_913	13	Zooglan	Wzx/Wzy	3	d__Bacteria;p__Pseudomonadota;c__Gammaproteobacteria;o__Burkholderiales;f__Thiobacillaceae;g__PFJX01;s__	11	84.62	Proteobacteria midas_g_913 (13)
035-MX-06.bin.1.88	Proteobacteria	B1-7BS	Ca_Methylophosphatis	8	Uncharacterised	Uncharacterised	1	d__Bacteria;p__Pseudomonadota;c__Gammaproteobacteria;o__Burkholderiales;f__Rhodocyclaceae;g__Methylophosphatis;s__Methylophosphatis sp016791115	8	100	Proteobacteria Ca_Methylophosphatis (8)
060-AU-05.bin.1.745	Latescibacterota	midas_f_1938	midas_g_2686	21	Uncharacterised	Uncharacterised	1	d__Bacteria;p__Eisenbacteria;c__RBG-16-71-46;o__RBG-16-71-46;f__RBG-16-71-46;g__CAIXRL01;s__	21	100	Latescibacterota midas_g_2686 (21)
091-US1-126.bin.1.163	Bacteroidota	Microscillaceae	OLB12	21	Uncharacterised	Uncharacterised	1	d__Bacteria;p__Bacteroidota;c__Bacteroidia;o__Cytophagales;f__Cyclobacteriaceae;g__ELB16-189;s__	20	95.24	Bacteroidota OLB12 (21)
094-US2-01.bin.1.256	Proteobacteria	Comamonadaceae	Comamonas	39	Zooglan	Wzx/Wzy	3	d__Bacteria;p__Pseudomonadota;c__Gammaproteobacteria;o__Burkholderiales;f__Burkholderiaceae;g__Aquabacterium_A;s__	15	38.46	Proteobacteria Comamonas (39)
055-AR-06.bin.1.453	Proteobacteria	Rhodocyclaceae	Azonexus	43	PNAG (*pga*)	Synthase	2	d__Bacteria;p__Pseudomonadota;c__Gammaproteobacteria;o__Burkholderiales;f__Rhodocyclaceae;g__Azonexus;s__	14	32.56	Proteobacteria Azonexus (43)
010-BE-17.bin.1.74	Bacteroidota	Saprospiraceae	midas_g_424	14	Uncharacterised	Uncharacterised	1	d__Bacteria;p__Bacteroidota;c__Bacteroidia;o__Chitinophagales;f__Saprospiraceae;g__M3007;s__	14	100	Bacteroidota midas_g_424 (14)
048-UY-15.bin.1.104	Proteobacteria	Burkholderiaceae	Lautropia	23	Zooglan	Wzx/Wzy	3	d__Bacteria;p__Pseudomonadota;c__Gammaproteobacteria;o__Burkholderiales;f__Burkholderiaceae;g__Quisquiliibacterium;s__	3	13.04	Proteobacteria Lautropia (23)
029-CA-06.bin.1.274	Proteobacteria	Rhodobacteraceae	midas_g_436	11	Rhodobacteraceae EPS	Uncharacterised	1	d__Bacteria;p__Pseudomonadota;c__Alphaproteobacteria;o__Rhodobacterales;f__Rhodobacteraceae;g__Cypionkella;s__	5	45.45	Proteobacteria midas_g_436 (11)
054-AR-04.bin.1.497	Actinobacteriota	Propionibacteriaceae	Micropruina	11	Uncharacterised	Uncharacterised	1	d__Bacteria;p__Actinomycetota;c__Actinomycetes;o__Propionibacteriales;f__Propionibacteriaceae;g__Micropruina;s__Micropruina sp937863965	8	72.73	Actinobacteriota Micropruina (11)
072-HK-05.bin.1.225	Myxococcota	Polyangiaceae	midas_g_2555	12	Uncharacterised	Uncharacterised	1	d__Bacteria;p__Myxococcota;c__Polyangia;o__Polyangiales;f__Polyangiaceae;g__JADJRH01;s__	7	58.33	Myxococcota midas_g_2555 (12)
091-US1-126.bin.2.300	Proteobacteria	Hyphomonadaceae	SWB02	46	Uncharacterised	Uncharacterised	1	d__Bacteria;p__Pseudomonadota;c__Alphaproteobacteria;o__Caulobacterales;f__TH1-2;g__Vitreimonas;s__	46	100	Proteobacteria SWB02 (46)
078-MX-10.bin.1.537	Actinobacteriota	Microtrichaceae	Ca_Microthrix	5	Uncharacterised	Uncharacterised	1	d__Bacteria;p__Actinomycetota;c__Acidimicrobiia;o__Acidimicrobiales;f__Microtrichaceae;g__Microthrix;s__	5	100	Actinobacteriota Ca_Microthrix (5)
071-HK-01.bin.1.437	Proteobacteria	Comamonadaceae	Leptothrix	46	Uncharacterised	Uncharacterised	1	d__Bacteria;p__Pseudomonadota;c__Gammaproteobacteria;o__Burkholderiales;f__Burkholderiaceae;g__;s__	40	86.96	Proteobacteria Leptothrix (46)
093-US1-47.bin.1.585	Proteobacteria	Sphingomonadaceae	Sphingobium	19	Uncharacterised	Uncharacterised	1	d__Bacteria;p__Pseudomonadota;c__Alphaproteobacteria;o__Sphingomonadales;f__Sphingomonadaceae;g__Sphingobium;s__	18	94.74	Proteobacteria Sphingobium (19)
029-CA-06.bin.1.212	Bacteroidota	37-13	midas_g_1159	12	Uncharacterised	Uncharacterised	1	d__Bacteria;p__Bacteroidota;c__Bacteroidia;o__Chitinophagales;f__LD1;g__CALAYL01;s__CALAYL01 sp937894725	10	83.33	Bacteroidota midas_g_1159 (12)
089-SG-01.bin.2.77	Planctomycetota	midas_f_2104	midas_g_4089	19	Uncharacterised	Uncharacterised	1	d__Bacteria;p__Planctomycetota;c__UBA1135;o__UBA2386;f__UBA2386;g__UBA2386;s__	19	100	Planctomycetota midas_g_4089 (19)
025-FI-01.bin.1.567	Acidobacteriota	midas_f_352	midas_g_1291	30	Uncharacterised	Uncharacterised	1	d__Bacteria;p__Acidobacteriota;c__Vicinamibacteria;o__Vicinamibacterales;f__UBA2999;g__WHSN01;s__	30	100	Acidobacteriota midas_g_1291 (30)
006-MY-06.bin.2.243	Bacteroidota	Saprospiraceae	midas_g_1409	17	Uncharacterised	Uncharacterised	1	d__Bacteria;p__Bacteroidota;c__Bacteroidia;o__Chitinophagales;f__Saprospiraceae;g__M3007;s__	17	100	Bacteroidota midas_g_1409 (17)
016-PL-06.bin.1.124	Proteobacteria	midas_f_98	Acidibacter	19	Uncharacterised	Uncharacterised	1	d__Bacteria;p__Pseudomonadota;c__Gammaproteobacteria;o__Steroidobacterales;f__Steroidobacteraceae;g__CADEED01;s__CADEED01 sp020442965	18	94.74	Proteobacteria Acidibacter (19)
054-AR-04.bin.c.8	Planctomycetota	Pirellulaceae	Pir4_lineage	37	Uncharacterised	Uncharacterised	1	d__Bacteria;p__Planctomycetota;c__Planctomycetia;o__Pirellulales;f__Lacipirellulaceae;g__;s__	37	100	Planctomycetota Pir4_lineage (37)
099-UY-16.bin.1.97	Proteobacteria	Caulobacteraceae	Phenylobacterium	19	Uncharacterised	Uncharacterised	1	d__Bacteria;p__Pseudomonadota;c__Alphaproteobacteria;o__Caulobacterales;f__Caulobacteraceae;g__Phenylobacterium;s__	18	94.74	Proteobacteria Phenylobacterium (19)
087-SA-04.bin.1.853	Acidobacteriota	Bryobacteraceae	Bryobacter	44	Uncharacterised	Uncharacterised	1	d__Bacteria;p__Acidobacteriota;c__Terriglobia;o__Bryobacterales;f__Bryobacteraceae;g__JACOTZ01;s__	43	97.73	Acidobacteriota Bryobacter (44)
003-CA-05.bin.1.134	Verrucomicrobiota	Opitutaceae	Lacunisphaera	35	Uncharacterised	Uncharacterised	1	d__Bacteria;p__Verrucomicrobiota;c__Verrucomicrobiae;o__Opitutales;f__Opitutaceae;g__Lacunisphaera;s__	22	62.86	Verrucomicrobiota Lacunisphaera (35)
092-US1-44.bin.1.14	Planctomycetota	Gemmataceae	midas_g_940	18	Uncharacterised	Uncharacterised	1	d__Bacteria;p__Planctomycetota;c__Planctomycetia;o__Gemmatales;f__HRBIN36;g__JAEUIE01;s__	16	88.89	Planctomycetota midas_g_940 (18)
025-FI-01.bin.1.261	Proteobacteria	Rhodocyclaceae	Zoogloea	14	Zooglan	Wzx/Wzy	3	d__Bacteria;p__Pseudomonadota;c__Gammaproteobacteria;o__Burkholderiales;f__Rhodocyclaceae;g__Zoogloea;s__Zoogloea oleivorans	12	85.71	Proteobacteria Zoogloea (14)
025-FI-01.bin.1.702	Proteobacteria	Halomonadaceae	Halomonas	19	PNAG (*pga*)	Synthase	2	d__Bacteria;p__Pseudomonadota;c__Gammaproteobacteria;o__Pseudomonadales;f__UBA7239;g__;s__	13	68.42	Proteobacteria Halomonas (19)
078-MX-10.bin.1.467	Myxococcota	Phaselicystidaceae	Phaselicystis	28	Uncharacterised	Uncharacterised	1	d__Bacteria;p__Myxococcota;c__Polyangia;o__Polyangiales;f__Polyangiaceae;g__CALKVW01;s__	24	85.71	Myxococcota Phaselicystis (28)
018-CH-08.bin.1.31	Actinobacteriota	Ilumatobacteraceae	CL500-29_marine_group	35	Uncharacterised	Uncharacterised	1	d__Bacteria;p__Actinomycetota;c__Acidimicrobiia;o__Acidimicrobiales;f__Ilumatobacteraceae;g__UBA668;s__	34	97.14	Actinobacteriota CL500-29_marine_group (35)
072-HK-05.bin.c.23	Bacteroidota	Saprospiraceae	midas_g_1063	5	Uncharacterised	Uncharacterised	1	d__Bacteria;p__Bacteroidota;c__Bacteroidia;o__Chitinophagales;f__Saprospiraceae;g__JADJVK01;s__	3	60	Bacteroidota midas_g_1063 (5)
032-ES-07.bin.1.104	Proteobacteria	Reyranellaceae	Reyranella	8	Uncharacterised	Uncharacterised	1	d__Bacteria;p__Pseudomonadota;c__Alphaproteobacteria;o__Reyranellales;f__Reyranellaceae;g__Reyranella;s__Reyranella sp945957355	7	87.5	Proteobacteria Reyranella (8)
076-IN-18.bin.1.437	Proteobacteria	Xanthomonadaceae	Thermomonas	17	Uncharacterised	Uncharacterised	1	d__Bacteria;p__Pseudomonadota;c__Gammaproteobacteria;o__Xanthomonadales;f__Xanthomonadaceae;g__Thermomonas;s__	9	52.94	Proteobacteria Thermomonas (17)
036-NL-06.bin.1.265	Bacteroidota	LiUU-11-161	midas_g_1247	11	Uncharacterised	Uncharacterised	1	d__Bacteria;p__Bacteroidota;c__Bacteroidia;o__UBA4408;f__UBA4408;g__UBA4408;s__UBA4408 sp016718805	11	100	Bacteroidota midas_g_1247 (11)
090-US1-124.bin.c.50	Proteobacteria	A0839	midas_g_694	5	Uncharacterised	Uncharacterised	1	d__Bacteria;p__Pseudomonadota;c__Alphaproteobacteria;o__Micropepsales;f__Micropepsaceae;g__JADZAI01;s__	5	100	Proteobacteria midas_g_694 (5)
091-US1-126.bin.c.1	Verrucomicrobiota	Verrucomicrobiaceae	midas_g_6692	13	Pel-like	Synthase (relaxed)	2	d__Bacteria;p__Verrucomicrobiota;c__Verrucomicrobiae;o__Verrucomicrobiales;f__Verrucomicrobiaceae;g__JAIBCL01;s__	13	100	Verrucomicrobiota midas_g_6692 (13)
098-UY-13.bin.1.42	Proteobacteria	Hyphomonadaceae	Hirschia	19	Uncharacterised	Uncharacterised	1	d__Bacteria;p__Pseudomonadota;c__Alphaproteobacteria;o__Caulobacterales;f__Hyphomonadaceae;g__UBA7672;s__	19	100	Proteobacteria Hirschia (19)
094-US2-01.bin.1.614	Elusimicrobiota	midas_f_595	midas_g_595	9	Uncharacterised	Uncharacterised	1	d__Bacteria;p__Elusimicrobiota;c__Elusimicrobia;o__FEN-1173;f__FEN-1173;g__JADKIY01;s__	6	66.67	Elusimicrobiota midas_g_595 (9)
037-NO2-03.bin.1.332	Proteobacteria	Rhodocyclaceae	Propionivibrio	16	Zooglan	Wzx/Wzy	3	d__Bacteria;p__Pseudomonadota;c__Gammaproteobacteria;o__Burkholderiales;f__Rhodocyclaceae;g__Propionivibrio;s__	7	43.75	Proteobacteria Propionivibrio (16)
089-SG-01.bin.1.210	Actinobacteriota	Solirubrobacteraceae	Conexibacter	30	Uncharacterised	Uncharacterised	1	d__Bacteria;p__Actinomycetota;c__Thermoleophilia;o__Solirubrobacterales;f__Solirubrobacteraceae;g__Baekduia;s__	23	76.67	Actinobacteriota Conexibacter (30)
082-NL-09.bin.1.60	Proteobacteria	Comamonadaceae	Ottowia	22	Uncharacterised	Uncharacterised	1	d__Bacteria;p__Pseudomonadota;c__Gammaproteobacteria;o__Burkholderiales;f__Burkholderiaceae;g__Ottowia;s__	4	18.18	Proteobacteria Ottowia (22)
063-AU-32.bin.1.74	Spirochaetota	Leptospiraceae	Leptospira	9	Uncharacterised	Uncharacterised	1	d__Bacteria;p__Spirochaetota;c__Leptospirae;o__Leptospirales;f__Leptospiraceae;g__UBA2033;s__	9	100	Spirochaetota Leptospira (9)
066-CH-22.bin.3.515	Bacteroidota	Saprospiraceae	Haliscomenobacter	16	Uncharacterised	Uncharacterised	1	d__Bacteria;p__Bacteroidota;c__Bacteroidia;o__Chitinophagales;f__Saprospiraceae;g__Haliscomenobacter;s__	11	68.75	Bacteroidota Haliscomenobacter (16)
003-CA-05.bin.1.48	Actinobacteriota	midas_f_5	midas_g_100	25	Uncharacterised	Uncharacterised	1	d__Bacteria;p__Actinomycetota;c__Actinomycetes;o__S36-B12;f__UBA10799;g__UBA10799;s__UBA10799 sp963169255	14	56	Actinobacteriota midas_g_100 (25)
097-US2-29.bin.c.16	Bacteroidota	env.OPS_17	midas_g_3487	24	Uncharacterised	Uncharacterised	1	d__Bacteria;p__Bacteroidota;c__Bacteroidia;o__B-17B0;f__B-17BO;g__UBA2475;s__	24	100	Bacteroidota midas_g_3487 (24)
032-ES-07.bin.1.145	Bacteroidota	Saprospiraceae	midas_g_729	10	Uncharacterised	Uncharacterised	1	d__Bacteria;p__Bacteroidota;c__Bacteroidia;o__Chitinophagales;f__Saprospiraceae;g__M3007;s__	10	100	Bacteroidota midas_g_729 (10)
025-FI-01.bin.1.52	Bacteroidota	AKYH767	midas_g_283	18	Uncharacterised	Uncharacterised	1	d__Bacteria;p__Bacteroidota;c__Bacteroidia;o__AKYH767-A;f__OLB10;g__JADKJB01;s__	18	100	Bacteroidota midas_g_283 (18)
034-IT-09.bin.2.206	Actinobacteriota	Propionibacteriaceae	Propioniciclava	23	Uncharacterised	Uncharacterised	1	d__Bacteria;p__Actinomycetota;c__Actinomycetes;o__Propionibacteriales;f__Propionibacteriaceae;g__Propioniciclava;s__	21	91.3	Actinobacteriota Propioniciclava (23)
006-MY-06.bin.1.444	Proteobacteria	Comamonadaceae	Ramlibacter	8	Uncharacterised	Uncharacterised	1	d__Bacteria;p__Pseudomonadota;c__Gammaproteobacteria;o__Burkholderiales;f__Burkholderiaceae;g__JAAFIY01;s__	4	50	Proteobacteria Ramlibacter (8)
087-SA-04.bin.2.363	Proteobacteria	Chitinimonadaceae	Chitinivorax	7	Uncharacterised	Uncharacterised	1	d__Bacteria;p__Pseudomonadota;c__Gammaproteobacteria;o__Burkholderiales;f__SCOH01;g__CALMFQ01;s__	5	71.43	Proteobacteria Chitinivorax (7)
087-SA-04.bin.2.473	Chloroflexi	Flexifilaceae	Ca_Flexifilum	7	Uncharacterised	Uncharacterised	1	d__Bacteria;p__Chloroflexota;c__Anaerolineae;o__Aggregatilineales;f__Phototrophicaceae;g__Flexifilum;s__	7	100	Chloroflexi Ca_Flexifilum (7)
071-HK-01.bin.1.460	Actinobacteriota	Microtrichaceae	IMCC26207	34	Uncharacterised	Uncharacterised	1	d__Bacteria;p__Actinomycetota;c__Acidimicrobiia;o__Acidimicrobiales;f__Microtrichaceae;g__;s__	30	88.24	Actinobacteriota IMCC26207 (34)
017-IL-02.bin.c.30	Bacteroidota	NS9_marine_group	midas_g_843	18	NS9 marine group EPS II	Uncharacterised	1	d__Bacteria;p__Bacteroidota;c__Bacteroidia;o__Flavobacteriales;f__PHOS-HE28;g__PHOS-HE28;s__PHOS-HE28 sp023382455	17	94.44	Bacteroidota midas_g_843 (18)
096-US2-26.bin.1.103	Acidobacteriota	Vicinamibacteraceae	midas_g_433	32	Uncharacterised	Uncharacterised	1	d__Bacteria;p__Acidobacteriota;c__Vicinamibacteria;o__Vicinamibacterales;f__UBA2999;g__CADEFD01;s__	28	87.5	Acidobacteriota midas_g_433 (32)
063-AU-32.bin.1.396	Bacteroidota	env.OPS_17	midas_g_12057	23	Uncharacterised	Uncharacterised	1	d__Bacteria;p__Bacteroidota;c__Bacteroidia;o__B-17B0;f__B-17BO;g__UBA2475;s__	21	91.3	Bacteroidota midas_g_12057 (23)
006-MY-06.bin.1.423	Proteobacteria	Rhodocyclaceae	Azospira	6	Uncharacterised	Uncharacterised	1	d__Bacteria;p__Pseudomonadota;c__Gammaproteobacteria;o__Burkholderiales;f__Rhodocyclaceae;g__Azospira_A;s__	4	66.67	Proteobacteria Azospira (6)
010-BE-17.bin.1.51	Bacteroidota	AKYH767	midas_g_2126	7	Uncharacterised	Uncharacterised	1	d__Bacteria;p__Bacteroidota;c__Bacteroidia;o__AKYH767-A;f__OLB10;g__OLB10;s__OLB10 sp963169685	7	100	Bacteroidota midas_g_2126 (7)
019-HK-04.bin.1.282	Hydrogenedentes	Hydrogenedensaceae	midas_g_1166	10	Uncharacterised	Uncharacterised	1	d__Bacteria;p__Hydrogenedentota;c__Hydrogenedentia;o__Hydrogenedentiales;f__JAEUWI01;g__JAEUWI01;s__	10	100	Hydrogenedentes midas_g_1166 (10)
083-NL-13.bin.c.16	Actinobacteriota	Intrasporangiaceae	Tetrasphaera	51	Uncharacterised	Uncharacterised	1	d__Bacteria;p__Actinomycetota;c__Actinomycetes;o__Actinomycetales;f__Dermatophilaceae;g__Tetrasphaera_A;s__	41	80.39	Actinobacteriota Tetrasphaera (51)
019-HK-04.bin.1.284	Proteobacteria	Rhodanobacteraceae	Dokdonella	10	Uncharacterised	Uncharacterised	1	d__Bacteria;p__Pseudomonadota;c__Gammaproteobacteria;o__Xanthomonadales;f__Rhodanobacteraceae;g__Dokdonella;s__Dokdonella sp004295005	7	70	Proteobacteria Dokdonella (10)
086-SA-02.bin.1.176	Planctomycetota	Phycisphaeraceae	SM1A02	43	Uncharacterised	Uncharacterised	1	d__Bacteria;p__Planctomycetota;c__Phycisphaerae;o__Phycisphaerales;f__UBA1924;g__JAHBXE01;s__	14	32.56	Planctomycetota SM1A02 (43)
058-AR-20.bin.c.23	Proteobacteria	Comamonadaceae	Sphaerotilus	9	Uncharacterised	Uncharacterised	1	d__Bacteria;p__Pseudomonadota;c__Gammaproteobacteria;o__Burkholderiales;f__Burkholderiaceae;g__JADJCH01;s__	9	100	Proteobacteria Sphaerotilus (9)
018-CH-08.bin.1.336	Bacteroidota	37-13	midas_g_1851	15	Uncharacterised	Uncharacterised	1	d__Bacteria;p__Bacteroidota;c__Bacteroidia;o__Chitinophagales;f__LD1;g__Bog-950;s__	15	100	Bacteroidota midas_g_1851 (15)
031-CZ-17.bin.1.267	Proteobacteria	Halieaceae	OM60NOR5_clade	5	Uncharacterised	Uncharacterised	1	d__Bacteria;p__Pseudomonadota;c__Gammaproteobacteria;o__Pseudomonadales;f__Halieaceae;g__Halioglobus;s__	5	100	Proteobacteria OM60NOR5_clade (5)
071-HK-01.bin.1.102	Bacteroidota	Spirosomaceae	Runella	6	Uncharacterised	Uncharacterised	1	d__Bacteria;p__Bacteroidota;c__Bacteroidia;o__Cytophagales;f__Spirosomataceae;g__Runella;s__	6	100	Bacteroidota Runella (6)
012-PT-06.bin.2.353	Chloroflexi	Amarolineaceae	Ca_Sarcinithrix	14	Uncharacterised	Uncharacterised	1	d__Bacteria;p__Chloroflexota;c__Anaerolineae;o__JAAEKA01;f__JAAEKA01;g__JAAEKA01;s__	14	100	Chloroflexi Ca_Sarcinithrix (14)
090-US1-124.bin.1.30	Proteobacteria	A0839	midas_g_1586	7	Uncharacterised	Uncharacterised	1	d__Bacteria;p__Pseudomonadota;c__Alphaproteobacteria;o__Micropepsales;f__Micropepsaceae;g__SZUA-430;s__	7	100	Proteobacteria midas_g_1586 (7)
097-US2-29.bin.1.48	Bacteroidota	Sphingobacteriaceae	Pedobacter	11	Uncharacterised	Uncharacterised	1	d__Bacteria;p__Bacteroidota;c__Bacteroidia;o__Sphingobacteriales;f__Sphingobacteriaceae;g__Daejeonella;s__Daejeonella sp938008555	8	72.73	Bacteroidota Pedobacter (11)
071-HK-01.bin.1.387	Proteobacteria	Rhodocyclaceae	Methyloversatilis	12	Zooglan	Wzx/Wzy	3	d__Bacteria;p__Pseudomonadota;c__Gammaproteobacteria;o__Burkholderiales;f__Rhodocyclaceae;g__Methyloversatilis;s__	10	83.33	Proteobacteria Methyloversatilis (12)
013-IT-11.bin.1.788	Bacteroidota	NS9_marine_group	midas_g_225	26	Uncharacterised	Uncharacterised	1	d__Bacteria;p__Bacteroidota;c__Bacteroidia;o__Flavobacteriales;f__PHOS-HE28;g__PHOS-HE28;s__	24	92.31	Bacteroidota midas_g_225 (26)
095-US2-13.bin.c.22	Bacteroidota	midas_f_31	midas_g_171	10	Uncharacterised	Uncharacterised	1	d__Bacteria;p__Bacteroidota;c__Ignavibacteria;o__SJA-28;f__OLB5;g__OLB5;s__	10	100	Bacteroidota midas_g_171 (10)
020-NO1-03.bin.1.410	Proteobacteria	Nitrosomonadaceae	Ellin6067	24	Uncharacterised	Uncharacterised	1	d__Bacteria;p__Pseudomonadota;c__Gammaproteobacteria;o__Burkholderiales;f__Usitatibacteraceae;g__JAEUNB01;s__	21	87.5	Proteobacteria Ellin6067 (24)
060-AU-05.bin.2.473	Verrucomicrobiota	Omnitrophaceae	Ca_Omnitrophus	26	Uncharacterised	Uncharacterised	1	d__Bacteria;p__Omnitrophota;c__Omnitrophia;o__Omnitrophales;f__Aquincolibacteriaceae;g__JAHFHI01;s__	23	88.46	Verrucomicrobiota Ca_Omnitrophus (26)
048-UY-15.bin.1.134	Bacteroidota	Saprospiraceae	midas_g_56	7	Uncharacterised	Uncharacterised	1	d__Bacteria;p__Bacteroidota;c__Bacteroidia;o__Chitinophagales;f__Saprospiraceae;g__JADJLQ01;s__	2	28.57	Bacteroidota midas_g_56 (7)
014-ES-23.bin.1.282	Bacteroidota	Saprospiraceae	midas_g_1226	11	Uncharacterised	Uncharacterised	1	d__Bacteria;p__Bacteroidota;c__Bacteroidia;o__Chitinophagales;f__Saprospiraceae;g__M3007;s__M3007 sp016708875	7	63.64	Bacteroidota midas_g_1226 (11)
041-UK2-07.bin.2.217	Bacteroidota	Lentimicrobiaceae	midas_g_1061	20	Uncharacterised	Uncharacterised	1	d__Bacteria;p__Bacteroidota;c__Bacteroidia;o__Bacteroidales;f__UBA4417;g__UBA4417;s__	16	80	Bacteroidota midas_g_1061 (20)
058-AR-20.bin.2.34	Myxococcota	Nannocystaceae	Nannocystis	33	Uncharacterised	Uncharacterised	1	d__Bacteria;p__Myxococcota;c__Polyangia;o__Nannocystales;f__Nannocystaceae;g__Nannocystis;s__	10	30.3	Myxococcota Nannocystis (33)
019-HK-04.bin.1.182	Bacteroidota	Saprospiraceae	Phaeodactylibacter	25	Uncharacterised	Uncharacterised	1	d__Bacteria;p__Bacteroidota;c__Bacteroidia;o__Chitinophagales;f__Saprospiraceae;g__UBA6168;s__UBA6168 sp020636005	24	96	Bacteroidota Phaeodactylibacter (25)
034-IT-09.bin.1.372	Proteobacteria	midas_f_98	midas_g_273	25	Uncharacterised	Uncharacterised	1	d__Bacteria;p__Pseudomonadota;c__Gammaproteobacteria;o__Steroidobacterales;f__Steroidobacteraceae;g__ZC4RG30;s__	23	92	Proteobacteria midas_g_273 (25)
060-AU-05.bin.1.84	Myxococcota	Polyangiaceae	Pajaroellobacter	43	Uncharacterised	Uncharacterised	1	d__Bacteria;p__Myxococcota;c__Polyangia;o__Polyangiales;f__Polyangiaceae;g__;s__	36	83.72	Myxococcota Pajaroellobacter (43)
094-US2-01.bin.1.184	Proteobacteria	Spongiibacteraceae	BD1-7_clade	11	Zooglan	Wzx/Wzy	3	d__Bacteria;p__Pseudomonadota;c__Gammaproteobacteria;o__Pseudomonadales;f__UBA5518;g__UBA5518;s__	2	18.18	Proteobacteria BD1-7_clade (11)
020-NO1-03.bin.1.151	Proteobacteria	Sutterellaceae	AAP99	17	Uncharacterised	Uncharacterised	1	d__Bacteria;p__Pseudomonadota;c__Gammaproteobacteria;o__Burkholderiales;f__Casimicrobiaceae;g__Casimicrobium;s__Casimicrobium sp018241765	7	41.18	Proteobacteria AAP99 (17)
065-CA-03.bin.1.579	Chloroflexi	Roseiflexaceae	Kouleothrix	5	Uncharacterised	Uncharacterised	1	d__Bacteria;p__Chloroflexota;c__Chloroflexia;o__Chloroflexales;f__Roseiflexaceae;g__Kouleothrix;s__	5	100	Chloroflexi Kouleothrix (5)
038-SE-10.bin.1.480	Proteobacteria	Rhodocyclaceae	midas_g_5535	13	Zooglan	Wzx/Wzy	3	d__Bacteria;p__Pseudomonadota;c__Gammaproteobacteria;o__Burkholderiales;f__Rhodocyclaceae;g__Fen-999;s__	8	61.54	Proteobacteria midas_g_5535 (13)
035-MX-06.bin.1.122	Myxococcota	Sandaracinaceae	midas_g_4851	11	Uncharacterised	Uncharacterised	1	d__Bacteria;p__Myxococcota;c__Polyangia;o__Polyangiales;f__SG8-38;g__JADJJE01;s__	11	100	Myxococcota midas_g_4851 (11)
044-US1-41.bin.1.145	Bacteroidota	AKYH767	midas_g_300	19	Uncharacterised	Uncharacterised	1	d__Bacteria;p__Bacteroidota;c__Bacteroidia;o__AKYH767-A;f__2013-40CM-41-45;g__JADKIH01;s__	19	100	Bacteroidota midas_g_300 (19)
083-NL-13.bin.1.223	Firmicutes	Christensenellaceae	Christensenellaceae_R-7_group	22	Uncharacterised	Uncharacterised	1	d__Bacteria;p__Bacillota_A;c__Clostridia;o__Christensenellales;f__Aristaeellaceae;g__UBA6115;s__	2	9.09	Firmicutes Christensenellaceae_R-7_group (22)
064-CA-01.bin.2.428	Myxococcota	midas_f_990	midas_g_1853	11	Uncharacterised	Uncharacterised	1	d__Bacteria;p__Myxococcota;c__Polyangia;o__Polyangiales;f__Ga0077539;g__;s__	10	90.91	Myxococcota midas_g_1853 (11)
036-NL-06.bin.1.138	Bacteroidota	midas_f_31	midas_g_31	25	Uncharacterised	Uncharacterised	1	d__Bacteria;p__Bacteroidota;c__Ignavibacteria;o__SJA-28;f__B-1AR;g__JAEUSI01;s__JAEUSI01 sp016709315	25	100	Bacteroidota midas_g_31 (25)
006-MY-06.bin.1.205	Bacteroidota	PHOS-HE36	midas_g_179	15	Uncharacterised	Uncharacterised	1	d__Bacteria;p__Bacteroidota;c__Ignavibacteria;o__Ignavibacteriales;f__Ignavibacteriaceae;g__IGN3;s__	15	100	Bacteroidota midas_g_179 (15)
059-AT-02.bin.1.82	Actinobacteriota	midas_f_5	midas_g_957	15	Uncharacterised	Uncharacterised	1	d__Bacteria;p__Actinomycetota;c__Actinomycetes;o__S36-B12;f__S36-B12;g__UBA10649;s__	9	60	Actinobacteriota midas_g_957 (15)
037-NO2-03.bin.1.456	Proteobacteria	Pseudomonadaceae	Pseudomonas	9	Uncharacterised	Uncharacterised	1	d__Bacteria;p__Pseudomonadota;c__Gammaproteobacteria;o__Pseudomonadales;f__Pseudomonadaceae;g__Pseudomonas_E;s__	5	55.56	Proteobacteria Pseudomonas (9)
017-IL-02.bin.c.31	Actinobacteriota	Intrasporangiaceae	Ca_Lutibacillus	5	Uncharacterised	Uncharacterised	1	d__Bacteria;p__Actinomycetota;c__Actinomycetes;o__Actinomycetales;f__Dermatophilaceae;g__Lutibacillus;s__	5	100	Actinobacteriota Ca_Lutibacillus (5)
059-AT-02.bin.1.524	Proteobacteria	Sphingomonadaceae	Sphingopyxis	6	Sphingomonadales EPS	Uncharacterised	1	d__Bacteria;p__Pseudomonadota;c__Alphaproteobacteria;o__Sphingomonadales;f__Sphingomonadaceae;g__Sphingopyxis;s__	3	50	Proteobacteria Sphingopyxis (6)
060-AU-05.bin.c.34	Bacteroidota	Saprospiraceae	Ca_Epiflobacter	19	Uncharacterised	Uncharacterised	1	d__Bacteria;p__Bacteroidota;c__Bacteroidia;o__Chitinophagales;f__Saprospiraceae;g__OLB9;s__	11	57.89	Bacteroidota Ca_Epiflobacter (19)
061-AU-11.bin.c.1	Myxococcota	midas_f_990	midas_g_990	5	Uncharacterised	Uncharacterised	1	d__Bacteria;p__Myxococcota;c__Polyangia;o__Polyangiales;f__Ga0077539;g__SCUS01;s__	4	80	Myxococcota midas_g_990 (5)
041-UK2-07.bin.1.279	Bacteroidota	Chitinophagaceae	Sediminibacterium	11	Uncharacterised	Uncharacterised	1	d__Bacteria;p__Bacteroidota;c__Bacteroidia;o__Chitinophagales;f__Chitinophagaceae;g__Sediminibacterium;s__Sediminibacterium sp017996795	11	100	Bacteroidota Sediminibacterium (11)
082-NL-09.bin.1.76	Proteobacteria	SC-I-84	midas_g_1341	22	Uncharacterised	Uncharacterised	1	d__Bacteria;p__Pseudomonadota;c__Gammaproteobacteria;o__Burkholderiales;f__Casimicrobiaceae;g__VBCG01;s__VBCG01 sp020851235	7	31.82	Proteobacteria midas_g_1341 (22)
090-US1-124.bin.1.22	Acidobacteriota	Blastocatellaceae	Stenotrophobacter	15	Uncharacterised	Uncharacterised	1	d__Bacteria;p__Acidobacteriota;c__Blastocatellia;o__Pyrinomonadales;f__Pyrinomonadaceae;g__OLB17;s__	15	100	Acidobacteriota Stenotrophobacter (15)
002-MX-07.bin.1.249	Gemmatimonadota	Gemmatimonadaceae	midas_g_764	11	Uncharacterised	Uncharacterised	1	d__Bacteria;p__Gemmatimonadota;c__Gemmatimonadetes;o__Gemmatimonadales;f__Gemmatimonadaceae;g__SCN-70-22;s__	11	100	Gemmatimonadota midas_g_764 (11)
042-US1-105.bin.1.299	Bacteroidota	midas_f_428	midas_g_2143	7	Uncharacterised	Uncharacterised	1	d__Bacteria;p__Bacteroidota;c__Kapaibacteriia;o__Kapaibacteriales;f__UBA961;g__JADJXV01;s__	7	100	Bacteroidota midas_g_2143 (7)
098-UY-13.bin.1.579	Proteobacteria	Comamonadaceae	Limnohabitans	9	Uncharacterised	Uncharacterised	1	d__Bacteria;p__Pseudomonadota;c__Gammaproteobacteria;o__Burkholderiales;f__Burkholderiaceae;g__Rhodoferax_C;s__	2	22.22	Proteobacteria Limnohabitans (9)
028-AU-34.bin.1.411	Patescibacteria	midas_f_4375	midas_g_4375	12	Uncharacterised	Uncharacterised	1	d__Bacteria;p__4484-113;c__4484-113;o__4484-113;f__JAFGCY01;g__JADZFO01;s__	1	8.33	Patescibacteria midas_g_4375 (12)
037-NO2-03.bin.1.279	Proteobacteria	Rhodobacteraceae	Pseudorhodobacter	11	Rhodobacteraceae EPS	Uncharacterised	1	d__Bacteria;p__Pseudomonadota;c__Alphaproteobacteria;o__Rhodobacterales;f__Rhodobacteraceae;g__JAAKGP01;s__	8	72.73	Proteobacteria Pseudorhodobacter (11)
025-FI-01.bin.1.142	Bacteroidota	KD3-93	midas_g_3846	15	Uncharacterised	Uncharacterised	1	d__Bacteria;p__Bacteroidota;c__Bacteroidia;o__2-12-FULL-35-15;f__2-12-FULL-35-15;g__2-12-FULL-35-15;s__	15	100	Bacteroidota midas_g_3846 (15)
012-PT-06.bin.1.374	Chloroflexi	midas_f_731	Ca_Amarobacillus	12	Uncharacterised	Uncharacterised	1	d__Bacteria;p__Chloroflexota;c__Dehalococcoidia;o__Tepidiformales;f__Tepidiformaceae;g__Amarobacillus;s__Amarobacillus sp020847985	12	100	Chloroflexi Ca_Amarobacillus (12)
040-UK-14.bin.1.269	Elusimicrobiota	midas_f_595	midas_g_945	17	Uncharacterised	Uncharacterised	1	d__Bacteria;p__Elusimicrobiota;c__Elusimicrobia;o__FEN-1173;f__FEN-1173;g__JADKHR01;s__	4	23.53	Elusimicrobiota midas_g_945 (17)
013-IT-11.bin.1.72	Proteobacteria	Thiotrichaceae	Thiothrix	12	Uncharacterised	Uncharacterised	1	d__Bacteria;p__Pseudomonadota;c__Gammaproteobacteria;o__Thiotrichales;f__Thiotrichaceae;g__Thiolinea;s__	12	100	Proteobacteria Thiothrix (12)
091-US1-126.bin.1.353	Actinobacteriota	Actinomycetaceae	midas_g_343	5	Uncharacterised	Uncharacterised	1	d__Bacteria;p__Actinomycetota;c__Actinomycetes;o__Actinomycetales;f__Actinomycetaceae;g__Ancrocorticia;s__	4	80	Actinobacteriota midas_g_343 (5)
028-AU-34.bin.1.382	Proteobacteria	SC-I-84	midas_g_41102	9	Zooglan	Wzx/Wzy	3	d__Bacteria;p__Pseudomonadota;c__Gammaproteobacteria;o__Burkholderiales;f__Casimicrobiaceae;g__VBCG01;s__	1	11.11	Proteobacteria midas_g_41102 (9)
023-IN-14.bin.1.293	WPS-2	midas_f_547	midas_g_547	5	Uncharacterised	Uncharacterised	1	d__Bacteria;p__Eremiobacterota;c__Xenobia;o__Xenobiales;f__JADMJV01;g__;s__	5	100	WPS-2 midas_g_547 (5)
098-UY-13.bin.1.651	Proteobacteria	Comamonadaceae	Inhella	6	Uncharacterised	Uncharacterised	1	d__Bacteria;p__Pseudomonadota;c__Gammaproteobacteria;o__Burkholderiales;f__Burkholderiaceae;g__Inhella;s__	6	100	Proteobacteria Inhella (6)
008-AR-23.bin.1.385	Bacteroidota	midas_f_2505	midas_g_2505	6	Uncharacterised	Uncharacterised	1	d__Bacteria;p__Bacteroidota;c__Bacteroidia;o__J057;f__JADKCL01;g__JADKCL01;s__	1	16.67	Bacteroidota midas_g_2505 (6)
090-US1-124.bin.2.11	Chloroflexi	Flexifilaceae	midas_g_2842	7	Uncharacterised	Uncharacterised	1	d__Bacteria;p__Chloroflexota;c__Anaerolineae;o__Aggregatilineales;f__Phototrophicaceae;g__CFX2;s__	7	100	Chloroflexi midas_g_2842 (7)
042-US1-105.bin.1.313	Acidobacteriota	Blastocatellaceae	Blastocatella	7	Uncharacterised	Uncharacterised	1	d__Bacteria;p__Acidobacteriota;c__Blastocatellia;o__Pyrinomonadales;f__Pyrinomonadaceae;g__JAIBCC01;s__JAIBCC01 sp019694395	5	71.43	Acidobacteriota Blastocatella (7)
039-SE-29.bin.1.148	Bacteroidota	Crocinitomicaceae	Crocinitomix	8	Uncharacterised	Uncharacterised	1	d__Bacteria;p__Bacteroidota;c__Bacteroidia;o__Flavobacteriales;f__Crocinitomicaceae;g__JADJGJ01;s__	8	100	Bacteroidota Crocinitomix (8)
064-CA-01.bin.1.633	Bacteroidota	Saprospiraceae	Ca_Opimibacter	21	Uncharacterised	Uncharacterised	1	d__Bacteria;p__Bacteroidota;c__Bacteroidia;o__Chitinophagales;f__Saprospiraceae;g__Opimibacter;s__	4	19.05	Bacteroidota Ca_Opimibacter (21)
012-PT-06.bin.1.330	Acidobacteriota	midas_f_502	midas_g_502	8	Uncharacterised	Uncharacterised	1	d__Bacteria;p__Acidobacteriota;c__Blastocatellia;o__UBA7656;f__JADIYM01;g__JADIYM01;s__JADIYM01 sp021463145	8	100	Acidobacteriota midas_g_502 (8)
017-IL-02.bin.1.221	Actinobacteriota	Nocardiaceae	Gordonia	10	Uncharacterised	Uncharacterised	1	d__Bacteria;p__Actinomycetota;c__Actinomycetes;o__Mycobacteriales;f__Mycobacteriaceae;g__Gordonia;s__Gordonia pseudamarae	3	30	Actinobacteriota Gordonia (10)
098-UY-13.bin.1.82	Proteobacteria	Cellvibrionaceae	Cellvibrio	6	Uncharacterised	Uncharacterised	1	d__Bacteria;p__Pseudomonadota;c__Gammaproteobacteria;o__Pseudomonadales;f__Cellvibrionaceae;g__Cellvibrio;s__	6	100	Proteobacteria Cellvibrio (6)
026-AT-03.bin.1.235	Firmicutes	Streptococcaceae	Streptococcus	5	Uncharacterised	Uncharacterised	1	d__Bacteria;p__Bacillota;c__Bacilli;o__Lactobacillales;f__Streptococcaceae;g__Streptococcus;s__Streptococcus infantarius	3	60	Firmicutes Streptococcus (5)
058-AR-20.bin.1.213	Bacteroidota	midas_f_428	midas_g_9818	5	Uncharacterised	Uncharacterised	1	d__Bacteria;p__Bacteroidota;c__Kapaibacteriia;o__Kapaibacteriales;f__UBA961;g__UBA2353;s__	4	80	Bacteroidota midas_g_9818 (5)
033-IN-11.bin.2.527	Myxococcota	midas_f_990	midas_g_3704	6	Uncharacterised	Uncharacterised	1	d__Bacteria;p__Myxococcota;c__Polyangia;o__Polyangiales;f__Ga0077539;g__;s__	6	100	Myxococcota midas_g_3704 (6)
053-PL-24.bin.2.258	Cyanobacteria	Obscuribacteraceae	Ca_Obscuribacter	11	Curdlan-like	Synthase (relaxed)	2	d__Bacteria;p__Cyanobacteriota;c__Vampirovibrionia;o__Obscuribacterales;f__Obscuribacteraceae;g__Ga0077546;s__Ga0077546 sp018062085	2	18.18	Cyanobacteria Ca_Obscuribacter (11)
015-DE-14.bin.1.253	Bacteroidota	Weeksellaceae	Chryseobacterium	6	Uncharacterised	Uncharacterised	1	d__Bacteria;p__Bacteroidota;c__Bacteroidia;o__Flavobacteriales;f__Weeksellaceae;g__Kaistella;s__	6	100	Bacteroidota Chryseobacterium (6)
018-CH-08.bin.1.257	Proteobacteria	Rhodanobacteraceae	midas_g_2835	7	Uncharacterised	Uncharacterised	1	d__Bacteria;p__Pseudomonadota;c__Gammaproteobacteria;o__Xanthomonadales;f__SZUA-5;g__JADKFD01;s__	2	28.57	Proteobacteria midas_g_2835 (7)
016-PL-06.bin.1.780	Patescibacteria	midas_f_67	midas_g_67	20	Uncharacterised	Uncharacterised	1	d__Bacteria;p__Patescibacteria;c__Saccharimonadia;o__Saccharimonadales;f__UBA4665;g__JAGQNR01;s__	2	10	Patescibacteria midas_g_67 (20)
048-UY-15.bin.2.451	Planctomycetota	midas_f_1792	midas_g_4975	5	Uncharacterised	Uncharacterised	1	d__Bacteria;p__Planctomycetota;c__Planctomycetia;o__Planctomycetales;f__Planctomycetaceae;g__JAKFVC01;s__	1	20	Planctomycetota midas_g_4975 (5)
053-PL-24.bin.1.272	Chloroflexi	Ca_Brachytrichaceae	Ca_Brachythrix	5	Uncharacterised	Uncharacterised	1	d__Bacteria;p__Chloroflexota;c__Anaerolineae;o__J036;f__Brachytrichaceae;g__Brachythrix;s__Brachythrix odensensis	3	60	Chloroflexi Ca_Brachythrix (5)
059-AT-02.bin.1.105	Spirochaetota	Leptospiraceae	Turneriella	17	Uncharacterised	Uncharacterised	1	d__Bacteria;p__Spirochaetota;c__Leptospirae;o__Turneriellales;f__Turneriellaceae;g__Turneriella;s__Turneriella sp019186965	1	5.88	Spirochaetota Turneriella (17)
004-NL-18.bin.1.197	Bacteroidota	Saprospiraceae	midas_g_6	13					13	100	Bacteroidota midas_g_6 (13)
006-MY-06.bin.1.211	Bacteroidota	Saprospiraceae	midas_g_142	10					10	100	Bacteroidota midas_g_142 (10)
