file	record_id	region	start	end	contig_edge	product	KCB_hit	KCB_acc	KCB_%	record_desc	MIMAG Quality	Completeness (%)	Contamination (%)	MAG_status	sequencing	Category	n_Category	GTDB Genus	GTDB Species	shared_name
TLL16_bin.4	opera_contig_210410	1	735291	761870	FALSE	Uncharacterised				opera_contig_210410	MEDIUM	83.66	1.63	MQ	Hybrid	Uncharacterised	1	CAG-452		TLL16_bin.4_opera_contig_210410.region001.gbk_region_1
TLL77_bin.50	opera_contig_105487	1	0	33662	TRUE	Uncharacterised				opera_contig_105487	MEDIUM	92.19	2.38	HQ	Hybrid	Uncharacterised	1	Bacteroides	Bacteroides fragilis_A	TLL77_bin.50_opera_contig_105487.region001.gbk_region_1
TLL77_bin.50	opera_contig_105528	1	6039	29870	TRUE	Uncharacterised				opera_contig_105528	MEDIUM	92.19	2.38	HQ	Hybrid	Uncharacterised	1	Bacteroides	Bacteroides fragilis_A	TLL77_bin.50_opera_contig_105528.region001.gbk_region_1
TLL43_bin.135	opera_contig_351112	1	42265	86986	FALSE	Uncharacterised				opera_contig_351112	MEDIUM	74.48	1.79	MQ	Hybrid	Uncharacterised	1	CAG-269	CAG-269 sp003525075	TLL43_bin.135_opera_contig_351112.region001.gbk_region_1
TLL43_bin.135	opera_contig_351112	2	1337021	1389997	FALSE	Uncharacterised				opera_contig_351112	MEDIUM	74.48	1.79	MQ	Hybrid	Uncharacterised	1	CAG-269	CAG-269 sp003525075	TLL43_bin.135_opera_contig_351112.region002.gbk_region_1
TLL15_bin.26	opera_contig_74078	1	28754	44487	FALSE	PNAG-pga				opera_contig_74078	MEDIUM	77.74	0.86	MQ	Hybrid	Synthase	2	Enterobacter	Enterobacter roggenkampii	TLL15_bin.26_opera_contig_74078.region001.gbk_region_1
TLL15_bin.26	opera_contig_74097	1	0	22426	TRUE	cellulose-type-2				opera_contig_74097	MEDIUM	77.74	0.86	MQ	Hybrid	Synthase	2	Enterobacter	Enterobacter roggenkampii	TLL15_bin.26_opera_contig_74097.region001.gbk_region_1
TLL01_bin.43	opera_contig_132592	1	16522	45761	TRUE	Uncharacterised				opera_contig_132592	MEDIUM	78.86	1.97	MQ	Hybrid	Uncharacterised	1	Phocaeicola	Phocaeicola vulgatus	TLL01_bin.43_opera_contig_132592.region001.gbk_region_1
TLL01_bin.43	opera_contig_134412	1	0	28045	TRUE	Uncharacterised				opera_contig_134412	MEDIUM	78.86	1.97	MQ	Hybrid	Uncharacterised	1	Phocaeicola	Phocaeicola vulgatus	TLL01_bin.43_opera_contig_134412.region001.gbk_region_1
TLL05_bin.77	opera_contig_20	1	71837	125802	FALSE	Uncharacterised				opera_contig_20	MEDIUM	94.65	0.89	HQ	Hybrid	Uncharacterised	1	Escherichia	Escherichia flexneri	TLL05_bin.77_opera_contig_20.region001.gbk_region_1
TLL05_bin.77	opera_contig_306440	1	78737	102930	FALSE	cellulose-type-2				opera_contig_306440	MEDIUM	94.65	0.89	HQ	Hybrid	Synthase	2	Escherichia	Escherichia flexneri	TLL05_bin.77_opera_contig_306440.region001.gbk_region_1
TLL05_bin.77	opera_contig_308847	1	88831	104600	FALSE	PNAG-pga				opera_contig_308847	MEDIUM	94.65	0.89	HQ	Hybrid	Synthase	2	Escherichia	Escherichia flexneri	TLL05_bin.77_opera_contig_308847.region001.gbk_region_1
TLL06_bin.86	opera_contig_190857	1	54762	99253	FALSE	Uncharacterised				opera_contig_190857	MEDIUM	83.15	0.79	MQ	Hybrid	Uncharacterised	1	Blautia_A	Blautia_A sp000433815	TLL06_bin.86_opera_contig_190857.region001.gbk_region_1
TLL03_bin.117	opera_contig_872	1	7551	16265	TRUE	pel-like				opera_contig_872	HIGH	97.68	1.27	HQ	Hybrid	Synthase	2	Fusicatenibacter	Fusicatenibacter saccharivorans	TLL03_bin.117_opera_contig_872.region001.gbk_region_1
TLL03_bin.117	opera_contig_210602	1	309289	372534	FALSE	Uncharacterised				opera_contig_210602	HIGH	97.68	1.27	HQ	Hybrid	Uncharacterised	1	Fusicatenibacter	Fusicatenibacter saccharivorans	TLL03_bin.117_opera_contig_210602.region001.gbk_region_1
TLL01_bin.13	opera_contig_133544	1	250843	270395	FALSE	Uncharacterised				opera_contig_133544	HIGH	98	4.24	HQ	Hybrid	Uncharacterised	1	Enterococcus_A	Enterococcus_A avium	TLL01_bin.13_opera_contig_133544.region001.gbk_region_1
TLL01_bin.13	opera_contig_133547	1	388631	415315	FALSE	Uncharacterised				opera_contig_133547	HIGH	98	4.24	HQ	Hybrid	Uncharacterised	1	Enterococcus_A	Enterococcus_A avium	TLL01_bin.13_opera_contig_133547.region001.gbk_region_1
TLL35_bin.77	opera_contig_509	1	2806	15344	TRUE	pel-like				opera_contig_509	MEDIUM	61.48	4.74	MQ	Hybrid	Synthase	2	Dorea		TLL35_bin.77_opera_contig_509.region001.gbk_region_1
TLL09_bin.9	opera_contig_29976	1	536708	594503	FALSE	Uncharacterised				opera_contig_29976	MEDIUM	96.94	0	HQ	Hybrid	Uncharacterised	1	Blautia	Blautia sp001304935	TLL09_bin.9_opera_contig_29976.region001.gbk_region_1
TLL44_bin.71	opera_contig_254	1	0	13040	TRUE	cellulose-like				opera_contig_254	MEDIUM	94.46	3.11	HQ	Hybrid	Synthase	2	Sutterella		TLL44_bin.71_opera_contig_254.region001.gbk_region_1
TLL38_bin.2	opera_contig_212691	1	769062	791127	FALSE	Uncharacterised				opera_contig_212691	MEDIUM	94.38	1.12	HQ	Hybrid	Uncharacterised	1	CAG-710	CAG-710 sp000432595	TLL38_bin.2_opera_contig_212691.region001.gbk_region_1
TLL39_bin.100	opera_contig_228286	1	12653	27366	FALSE	alpha-glucansucrase				opera_contig_228286	HIGH	98.26	3.65	HQ	Hybrid	Sucrase	4	Streptococcus	Streptococcus sanguinis	TLL39_bin.100_opera_contig_228286.region001.gbk_region_1
TLL40_bin.50	opera_contig_271	1	5676	38044	TRUE	Uncharacterised				opera_contig_271	HIGH	96.42	1.49	HQ	Hybrid	Uncharacterised	1	Phocaeicola		TLL40_bin.50_opera_contig_271.region001.gbk_region_1
TLL03_bin.89	opera_contig_209008	1	414514	455645	FALSE	Uncharacterised				opera_contig_209008	MEDIUM	86.27	0.94	MQ	Hybrid	Uncharacterised	1	Catenibacterium	Catenibacterium mitsuokai	TLL03_bin.89_opera_contig_209008.region001.gbk_region_1
TLL24_bin.9	opera_contig_108901	1	183192	212183	FALSE	Uncharacterised				opera_contig_108901	HIGH	94.52	0.67	HQ	Hybrid	Uncharacterised	1	Eubacterium_R	Eubacterium_R sp003526845	TLL24_bin.9_opera_contig_108901.region001.gbk_region_1
TLL62_bin.7	opera_contig_16	1	69631	99380	TRUE	lactobacillus_eps				opera_contig_16	MEDIUM	60.88	0.35	MQ	Hybrid	Wzx/Wzy	3	Streptococcus		TLL62_bin.7_opera_contig_16.region001.gbk_region_1
TLL62_bin.7	opera_contig_1353	1	0	7887	TRUE	alpha-glucansucrase				opera_contig_1353	MEDIUM	60.88	0.35	MQ	Hybrid	Sucrase	4	Streptococcus		TLL62_bin.7_opera_contig_1353.region001.gbk_region_1
TLL27_bin.52	opera_contig_125830	1	115566	131718	FALSE	cellulose-like				opera_contig_125830	MEDIUM	87.66	0.26	MQ	Hybrid	Synthase	2	Parasutterella	Parasutterella sp000980495	TLL27_bin.52_opera_contig_125830.region001.gbk_region_1
TLL72_bin.89	opera_contig_484	1	2657	22017	TRUE	pel-positive				opera_contig_484	MEDIUM	78.99	9.36	MQ	Hybrid	Synthase	2	Dorea		TLL72_bin.89_opera_contig_484.region001.gbk_region_1
TLL72_bin.89	opera_contig_124968	1	0	20909	TRUE	Uncharacterised				opera_contig_124968	MEDIUM	78.99	9.36	MQ	Hybrid	Uncharacterised	1	Dorea		TLL72_bin.89_opera_contig_124968.region001.gbk_region_1
TLL72_bin.89	opera_contig_127381	1	37519	63664	FALSE	Uncharacterised				opera_contig_127381	MEDIUM	78.99	9.36	MQ	Hybrid	Uncharacterised	1	Dorea		TLL72_bin.89_opera_contig_127381.region001.gbk_region_1
TLL94_bin.94	opera_contig_186177	1	360016	391319	FALSE	Uncharacterised				opera_contig_186177	MEDIUM	82.03	1.12	MQ	Hybrid	Uncharacterised	1	CAG-462	CAG-462 sp900291465	TLL94_bin.94_opera_contig_186177.region001.gbk_region_1
TLL81_bin.110	opera_contig_6	1	22212	41260	FALSE	Uncharacterised				opera_contig_6	MEDIUM	85.96	5.06	MQ	Hybrid	Uncharacterised	1	CAG-594		TLL81_bin.110_opera_contig_6.region001.gbk_region_1
TLL93_bin.77	opera_contig_5	1	4108	21998	TRUE	pel-positive				opera_contig_5	MEDIUM	60.34	0	MQ	Hybrid	Synthase	2	Collinsella		TLL93_bin.77_opera_contig_5.region001.gbk_region_1
TLL05_bin.72	opera_contig_308534	1	49184	94308	FALSE	Uncharacterised				opera_contig_308534	HIGH	95.75	0	HQ	Hybrid	Uncharacterised	1	CAG-488	CAG-488 sp000434055	TLL05_bin.72_opera_contig_308534.region001.gbk_region_1
TLL05_bin.72	opera_contig_308535	1	319139	360317	FALSE	Uncharacterised				opera_contig_308535	HIGH	95.75	0	HQ	Hybrid	Uncharacterised	1	CAG-488	CAG-488 sp000434055	TLL05_bin.72_opera_contig_308535.region001.gbk_region_1
TLL05_bin.72	opera_contig_308535	2	452477	483608	TRUE	Uncharacterised				opera_contig_308535	HIGH	95.75	0	HQ	Hybrid	Uncharacterised	1	CAG-488	CAG-488 sp000434055	TLL05_bin.72_opera_contig_308535.region002.gbk_region_1
TLL21_bin.35	opera_contig_122820	1	0	11419	TRUE	cellulose-gram-positive-like				opera_contig_122820	MEDIUM	54.35	1.84	MQ	Hybrid	Synthase	2	Clostridium_Q	Clostridium_Q symbiosum	TLL21_bin.35_opera_contig_122820.region001.gbk_region_1
TLL65_bin.7	opera_contig_110544	1	26367	45320	FALSE	Uncharacterised				opera_contig_110544	HIGH	92.62	0	HQ	Hybrid	Uncharacterised	1	Pediococcus		TLL65_bin.7_opera_contig_110544.region001.gbk_region_1
TLL08_bin.22	opera_contig_121704	1	21166	88673	TRUE	Uncharacterised				opera_contig_121704	MEDIUM	92.89	2.54	HQ	Hybrid	Uncharacterised	1	Roseburia	Roseburia intestinalis	TLL08_bin.22_opera_contig_121704.region001.gbk_region_1
TLL08_bin.22	opera_contig_121713	1	13718	26559	FALSE	pel-like				opera_contig_121713	MEDIUM	92.89	2.54	HQ	Hybrid	Synthase	2	Roseburia	Roseburia intestinalis	TLL08_bin.22_opera_contig_121713.region001.gbk_region_1
TLL95_bin.35	opera_contig_115150	1	21467	37365	FALSE	cellulose-like				opera_contig_115150	HIGH	96.46	1.25	HQ	Hybrid	Synthase	2	CAG-521	CAG-521 sp000437635	TLL95_bin.35_opera_contig_115150.region001.gbk_region_1
TLL09_bin.6	opera_contig_29384	1	194043	211770	FALSE	pel-positive				opera_contig_29384	HIGH	93.87	0	HQ	Hybrid	Synthase	2	Streptococcus	Streptococcus gallolyticus	TLL09_bin.6_opera_contig_29384.region001.gbk_region_1
TLL09_bin.6	opera_contig_29384	2	424072	447696	FALSE	Uncharacterised				opera_contig_29384	HIGH	93.87	0	HQ	Hybrid	Uncharacterised	1	Streptococcus	Streptococcus gallolyticus	TLL09_bin.6_opera_contig_29384.region002.gbk_region_1
TLL09_bin.6	opera_contig_29384	3	562295	582806	FALSE	alpha-glucansucrase				opera_contig_29384	HIGH	93.87	0	HQ	Hybrid	Sucrase	4	Streptococcus	Streptococcus gallolyticus	TLL09_bin.6_opera_contig_29384.region003.gbk_region_1
TLL97_bin.17	opera_contig_1114	1	7392	14453	TRUE	alpha-glucansucrase				opera_contig_1114	MEDIUM	85.34	4.89	MQ	Hybrid	Sucrase	4	Leuconostoc	Leuconostoc lactis	TLL97_bin.17_opera_contig_1114.region001.gbk_region_1
TLL97_bin.17	opera_contig_306110	1	0	7078	TRUE	alpha-glucansucrase				opera_contig_306110	MEDIUM	85.34	4.89	MQ	Hybrid	Sucrase	4	Leuconostoc	Leuconostoc lactis	TLL97_bin.17_opera_contig_306110.region001.gbk_region_1
TLL97_bin.17	opera_contig_306160	1	0	12259	TRUE	alpha-glucansucrase				opera_contig_306160	MEDIUM	85.34	4.89	MQ	Hybrid	Sucrase	4	Leuconostoc	Leuconostoc lactis	TLL97_bin.17_opera_contig_306160.region001.gbk_region_1
TLL97_bin.81	opera_contig_1388	1	0	12356	TRUE	lactobacillus_eps				opera_contig_1388	MEDIUM	79.07	8.79	MQ	Hybrid	Wzx/Wzy	3	Streptococcus	Streptococcus parasanguinis_B	TLL97_bin.81_opera_contig_1388.region001.gbk_region_1
TLL03_bin.84	opera_contig_212255	1	19793	63727	TRUE	Uncharacterised				opera_contig_212255	HIGH	96.96	1.34	HQ	Hybrid	Uncharacterised	1	Coprococcus_A	Coprococcus_A catus	TLL03_bin.84_opera_contig_212255.region001.gbk_region_1
TLL94_bin.12	opera_contig_185950	1	762639	802380	FALSE	Uncharacterised				opera_contig_185950	MEDIUM	66.91	0.37	MQ	Hybrid	Uncharacterised	1	Bacteroides	Bacteroides ndongoniae	TLL94_bin.12_opera_contig_185950.region001.gbk_region_1
TLL94_bin.12	opera_contig_185954	1	123451	157368	FALSE	Uncharacterised				opera_contig_185954	MEDIUM	66.91	0.37	MQ	Hybrid	Uncharacterised	1	Bacteroides	Bacteroides ndongoniae	TLL94_bin.12_opera_contig_185954.region001.gbk_region_1
TLL45_bin.8	opera_contig_298440	1	396145	421574	FALSE	Uncharacterised				opera_contig_298440	HIGH	97.82	0	HQ	Hybrid	Uncharacterised	1	TF01-11	TF01-11 sp001916135	TLL45_bin.8_opera_contig_298440.region001.gbk_region_1
TLL12_bin.19	opera_contig_75	1	0	12732	TRUE	pel-positive				opera_contig_75	HIGH	98.92	0.81	HQ	Hybrid	Synthase	2	Collinsella	Collinsella aerofaciens_H	TLL12_bin.19_opera_contig_75.region001.gbk_region_1
TLL39_bin.105	opera_contig_224016	1	0	27502	TRUE	Uncharacterised				opera_contig_224016	MEDIUM	84.63	0.51	MQ	Hybrid	Uncharacterised	1	Prevotella	Prevotella sp900313215	TLL39_bin.105_opera_contig_224016.region001.gbk_region_1
TLL54_bin.56	opera_contig_184121	1	112634	131160	TRUE	Uncharacterised				opera_contig_184121	MEDIUM	51.19	0	MQ	Hybrid	Uncharacterised	1	Prevotella	Prevotella sp001275135	TLL54_bin.56_opera_contig_184121.region001.gbk_region_1
TLL30_bin.86	opera_contig_24	1	85610	116673	FALSE	Uncharacterised				opera_contig_24	MEDIUM	84.98	1.14	MQ	Hybrid	Uncharacterised	1	CAG-485	CAG-485 sp900541835	TLL30_bin.86_opera_contig_24.region001.gbk_region_1
TLL106_bin.5	opera_contig_152770	1	1079393	1098550	FALSE	Uncharacterised				opera_contig_152770	MEDIUM	92.84	1.28	HQ	Hybrid	Uncharacterised	1	CAG-417	CAG-417 sp000432835	TLL106_bin.5_opera_contig_152770.region001.gbk_region_1
TLL01_bin.23	opera_contig_25	1	0	13704	TRUE	Uncharacterised				opera_contig_25	HIGH	91.67	0.58	HQ	Hybrid	Uncharacterised	1	Mediterraneibacter		TLL01_bin.23_opera_contig_25.region001.gbk_region_1
TLL03_bin.7	opera_contig_212114	1	34461	68946	FALSE	Uncharacterised				opera_contig_212114	MEDIUM	89.04	0	MQ	Hybrid	Uncharacterised	1	CAG-103	CAG-103 sp000432375	TLL03_bin.7_opera_contig_212114.region001.gbk_region_1
TLL97_bin.127	opera_contig_1	1	111238	166007	FALSE	Uncharacterised				opera_contig_1	HIGH	97.17	0.81	HQ	Hybrid	Uncharacterised	1	Holdemanella	Holdemanella sp003458715	TLL97_bin.127_opera_contig_1.region001.gbk_region_1
TLL33_bin.62	opera_contig_105003	1	49212	89387	FALSE	Uncharacterised				opera_contig_105003	MEDIUM	80.9	0	MQ	Hybrid	Uncharacterised	1	Fusobacterium_A	Fusobacterium_A mortiferum	TLL33_bin.62_opera_contig_105003.region001.gbk_region_1
TLL11_bin.88	opera_contig_164521	1	31344	86284	FALSE	Uncharacterised				opera_contig_164521	HIGH	94.87	0.27	HQ	Hybrid	Uncharacterised	1	Raoultibacter	Raoultibacter timonensis	TLL11_bin.88_opera_contig_164521.region001.gbk_region_1
TLL65_bin.16	opera_contig_108758	1	17820	33968	FALSE	cellulose-like				opera_contig_108758	MEDIUM	98.2	0	HQ	Hybrid	Synthase	2	Parasutterella		TLL65_bin.16_opera_contig_108758.region001.gbk_region_1
TLL43_bin.54	opera_contig_2521	1	0	8875	TRUE	pel-like				opera_contig_2521	MEDIUM	53.5	8.08	MQ	Hybrid	Synthase	2	UBA7160		TLL43_bin.54_opera_contig_2521.region001.gbk_region_1
TLL07_bin.35	opera_contig_145223	1	2204	17124	TRUE	pel-positive				opera_contig_145223	MEDIUM	55.35	8.34	MQ	Hybrid	Synthase	2	Dorea		TLL07_bin.35_opera_contig_145223.region001.gbk_region_1
TLL02_bin.76	opera_contig_152875	1	624292	651249	FALSE	Uncharacterised				opera_contig_152875	HIGH	97.32	0	HQ	Hybrid	Uncharacterised	1	CAG-217	CAG-217 sp000436335	TLL02_bin.76_opera_contig_152875.region001.gbk_region_1
TLL109_bin.7	opera_contig_57639	1	58577	71043	FALSE	pel-like				opera_contig_57639	MEDIUM	67	0.32	MQ	Hybrid	Synthase	2	Blautia_A	Blautia_A sp900066145	TLL109_bin.7_opera_contig_57639.region001.gbk_region_1
TLL55_bin.56	opera_contig_140894	1	0	4113	TRUE	fructansucrase				opera_contig_140894	MEDIUM	68.55	0	MQ	Hybrid	Sucrase	4	Lactobacillus	Lactobacillus gasseri	TLL55_bin.56_opera_contig_140894.region001.gbk_region_1
TLL07_bin.46	opera_contig_142764	1	105014	122763	TRUE	pel-positive				opera_contig_142764	MEDIUM	84.7	1.75	MQ	Hybrid	Synthase	2	Dorea	Dorea longicatena_B	TLL07_bin.46_opera_contig_142764.region001.gbk_region_1
TLL05_bin.98	opera_contig_304740	1	2885	23318	TRUE	Uncharacterised				opera_contig_304740	MEDIUM	96.84	2.67	HQ	Hybrid	Uncharacterised	1	UBA11774	UBA11774 sp003507655	TLL05_bin.98_opera_contig_304740.region001.gbk_region_1
TLL11_bin.43	opera_contig_161758	1	326851	376080	FALSE	Uncharacterised				opera_contig_161758	MEDIUM	68.97	0	MQ	Hybrid	Uncharacterised	1	Mediterraneibacter	Mediterraneibacter lactaris	TLL11_bin.43_opera_contig_161758.region001.gbk_region_1
TLL21_bin.33	opera_contig_1363	1	0	20463	TRUE	Uncharacterised				opera_contig_1363	MEDIUM	57.3	9.36	MQ	Hybrid	Uncharacterised	1	Stoquefichus		TLL21_bin.33_opera_contig_1363.region001.gbk_region_1
TLL02_bin.56	opera_contig_150637	1	202228	243982	FALSE	Uncharacterised				opera_contig_150637	HIGH	97.24	2.05	HQ	Hybrid	Uncharacterised	1	Blautia_A	Blautia_A sp900066165	TLL02_bin.56_opera_contig_150637.region001.gbk_region_1
TLL102_bin.114	opera_contig_414015	1	0	11733	TRUE	Uncharacterised				opera_contig_414015	MEDIUM	88.23	0.67	MQ	Hybrid	Uncharacterised	1	Ruminococcus_F	Ruminococcus_F champanellensis	TLL102_bin.114_opera_contig_414015.region001.gbk_region_1
TLL04_bin.5	opera_contig_251018	1	655163	672997	FALSE	pel-positive				opera_contig_251018	HIGH	98.48	0	HQ	Hybrid	Synthase	2	Bifidobacterium	Bifidobacterium adolescentis	TLL04_bin.5_opera_contig_251018.region001.gbk_region_1
TLL03_bin.28	opera_contig_454	1	36017	48656	TRUE	pel-positive				opera_contig_454	MEDIUM	69.73	5.7	MQ	Hybrid	Synthase	2	Blautia_A	Blautia_A wexlerae	TLL03_bin.28_opera_contig_454.region001.gbk_region_1
TLL03_bin.28	opera_contig_212170	1	268321	286044	FALSE	pel-positive				opera_contig_212170	MEDIUM	69.73	5.7	MQ	Hybrid	Synthase	2	Blautia_A	Blautia_A wexlerae	TLL03_bin.28_opera_contig_212170.region001.gbk_region_1
TLL05_bin.154	opera_contig_308509	1	1078341	1105257	FALSE	Uncharacterised				opera_contig_308509	MEDIUM	72.75	0.67	MQ	Hybrid	Uncharacterised	1	CAG-273	CAG-273 sp003507395	TLL05_bin.154_opera_contig_308509.region001.gbk_region_1
TLL11_bin.113	opera_contig_3	1	225230	250665	FALSE	Uncharacterised				opera_contig_3	HIGH	95.97	4.25	HQ	Hybrid	Uncharacterised	1	Eubacterium_R	Eubacterium_R sp900555015	TLL11_bin.113_opera_contig_3.region001.gbk_region_1
TLL11_bin.113	opera_contig_30	1	100856	129981	TRUE	Uncharacterised				opera_contig_30	HIGH	95.97	4.25	HQ	Hybrid	Uncharacterised	1	Eubacterium_R	Eubacterium_R sp900555015	TLL11_bin.113_opera_contig_30.region001.gbk_region_1
TLL28_bin.103	opera_contig_253610	1	0	29459	TRUE	Uncharacterised				opera_contig_253610	MEDIUM	70.47	0.22	MQ	Hybrid	Uncharacterised	1	Butyricicoccus_A	Butyricicoccus_A sp002395695	TLL28_bin.103_opera_contig_253610.region001.gbk_region_1
TLL30_bin.151	opera_contig_350390	1	21203	42245	FALSE	Uncharacterised				opera_contig_350390	MEDIUM	95.35	5.13	MQ	Hybrid	Uncharacterised	1	Bacteroides	Bacteroides intestinalis	TLL30_bin.151_opera_contig_350390.region001.gbk_region_1
TLL100_bin.14	opera_contig_230141	1	271266	293833	FALSE	Uncharacterised				opera_contig_230141	MEDIUM	99.06	0	HQ	Hybrid	Uncharacterised	1	Erysipelatoclostridium	Erysipelatoclostridium sp000752095	TLL100_bin.14_opera_contig_230141.region001.gbk_region_1
TLL12_bin.36	opera_contig_190202	1	344657	398811	FALSE	Uncharacterised				opera_contig_190202	HIGH	94.07	3.36	HQ	Hybrid	Uncharacterised	1	Anaerostipes		TLL12_bin.36_opera_contig_190202.region001.gbk_region_1
TLL12_bin.36	opera_contig_190204	1	26366	39115	FALSE	cellulose-gram-positive-like				opera_contig_190204	HIGH	94.07	3.36	HQ	Hybrid	Synthase	2	Anaerostipes		TLL12_bin.36_opera_contig_190204.region001.gbk_region_1
TLL03_bin.77	opera_contig_28	1	87020	125616	TRUE	Uncharacterised				opera_contig_28	MEDIUM	98.55	0.97	HQ	Hybrid	Uncharacterised	1	Acetatifactor	Acetatifactor sp900066365	TLL03_bin.77_opera_contig_28.region001.gbk_region_1
TLL03_bin.1	opera_contig_213309	1	34627	51839	FALSE	pel-positive				opera_contig_213309	HIGH	99.53	0.68	HQ	Hybrid	Synthase	2	Faecalibacterium	Faecalibacterium prausnitzii_H	TLL03_bin.1_opera_contig_213309.region001.gbk_region_1
TLL44_bin.102	opera_contig_271315	1	799052	835721	TRUE	Uncharacterised				opera_contig_271315	HIGH	98.35	1.46	HQ	Hybrid	Uncharacterised	1	Streptococcus	Streptococcus thermophilus	TLL44_bin.102_opera_contig_271315.region001.gbk_region_1
TLL88_bin.50	opera_contig_750	1	0	16048	TRUE	Uncharacterised				opera_contig_750	MEDIUM	90.6	0.67	HQ	Hybrid	Uncharacterised	1			TLL88_bin.50_opera_contig_750.region001.gbk_region_1
TLL26_bin.99	opera_contig_184397	1	106250	134986	FALSE	Uncharacterised				opera_contig_184397	MEDIUM	74.86	5.37	MQ	Hybrid	Uncharacterised	1	CAG-269	CAG-269 sp000431335	TLL26_bin.99_opera_contig_184397.region001.gbk_region_1
TLL13_bin.113	opera_contig_224115	1	46112	88711	TRUE	Uncharacterised				opera_contig_224115	MEDIUM	88.29	4.31	MQ	Hybrid	Uncharacterised	1	Eisenbergiella	Eisenbergiella tayi	TLL13_bin.113_opera_contig_224115.region001.gbk_region_1
TLL13_bin.113	opera_contig_224120	1	27150	73882	TRUE	Uncharacterised				opera_contig_224120	MEDIUM	88.29	4.31	MQ	Hybrid	Uncharacterised	1	Eisenbergiella	Eisenbergiella tayi	TLL13_bin.113_opera_contig_224120.region001.gbk_region_1
TLL18_bin.137	opera_contig_304691	1	113411	159676	FALSE	Uncharacterised				opera_contig_304691	MEDIUM	92.6	5.15	MQ	Hybrid	Uncharacterised	1	Coprococcus_A	Coprococcus_A sp900548825	TLL18_bin.137_opera_contig_304691.region001.gbk_region_1
TLL18_bin.137	opera_contig_304697	1	44475	105887	TRUE	Uncharacterised				opera_contig_304697	MEDIUM	92.6	5.15	MQ	Hybrid	Uncharacterised	1	Coprococcus_A	Coprococcus_A sp900548825	TLL18_bin.137_opera_contig_304697.region001.gbk_region_1
TLL15_bin.32	opera_contig_1	1	414282	438248	TRUE	Uncharacterised				opera_contig_1	MEDIUM	87.33	1.89	MQ	Hybrid	Uncharacterised	1	Longicatena		TLL15_bin.32_opera_contig_1.region001.gbk_region_1
TLL87_bin.43	opera_contig_95996	1	57697	82957	TRUE	cellulose-type-2				opera_contig_95996	MEDIUM	59.09	0.68	MQ	Hybrid	Synthase	2	Enterobacter	Enterobacter kobei	TLL87_bin.43_opera_contig_95996.region001.gbk_region_1
TLL87_bin.43	opera_contig_96051	1	2894	18397	TRUE	PNAG-pga				opera_contig_96051	MEDIUM	59.09	0.68	MQ	Hybrid	Synthase	2	Enterobacter	Enterobacter kobei	TLL87_bin.43_opera_contig_96051.region001.gbk_region_1
TLL103_bin.38	opera_contig_66292	1	134493	165202	FALSE	Uncharacterised				opera_contig_66292	MEDIUM	94.97	0	HQ	Hybrid	Uncharacterised	1	Longicatena	Longicatena caecimuris	TLL103_bin.38_opera_contig_66292.region001.gbk_region_1
TLL03_bin.81	opera_contig_211013	1	110984	125376	TRUE	pel-positive				opera_contig_211013	HIGH	94.3	0	HQ	Hybrid	Synthase	2	Ruminococcus_A	Ruminococcus_A sp000437095	TLL03_bin.81_opera_contig_211013.region001.gbk_region_1
TLL26_bin.52	opera_contig_186515	1	14828	22871	TRUE	pel-like				opera_contig_186515	MEDIUM	84.25	6.65	MQ	Hybrid	Synthase	2	UBA7160		TLL26_bin.52_opera_contig_186515.region001.gbk_region_1
TLL57_bin.12	opera_contig_227471	1	92709	108418	FALSE	PNAG-pga				opera_contig_227471	HIGH	98.53	0.14	HQ	Hybrid	Synthase	2	Enterobacter	Enterobacter himalayensis	TLL57_bin.12_opera_contig_227471.region001.gbk_region_1
TLL57_bin.12	opera_contig_227471	2	584728	608904	FALSE	cellulose-type-2				opera_contig_227471	HIGH	98.53	0.14	HQ	Hybrid	Synthase	2	Enterobacter	Enterobacter himalayensis	TLL57_bin.12_opera_contig_227471.region002.gbk_region_1
TLL57_bin.12	opera_contig_227471	3	986646	1027312	FALSE	Uncharacterised				opera_contig_227471	HIGH	98.53	0.14	HQ	Hybrid	Uncharacterised	1	Enterobacter	Enterobacter himalayensis	TLL57_bin.12_opera_contig_227471.region003.gbk_region_1
TLL57_bin.12	opera_contig_227472	1	424151	455377	FALSE	colanic				opera_contig_227472	HIGH	98.53	0.14	HQ	Hybrid	Wzx/Wzy	3	Enterobacter	Enterobacter himalayensis	TLL57_bin.12_opera_contig_227472.region001.gbk_region_1
TLL100_bin.65	opera_contig_233392	1	20022	32988	TRUE	pel-like				opera_contig_233392	MEDIUM	63.91	0.61	MQ	Hybrid	Synthase	2	Bifidobacterium	Bifidobacterium pseudocatenulatum	TLL100_bin.65_opera_contig_233392.region001.gbk_region_1
TLL61_bin.24	opera_contig_149665	1	28548	55040	TRUE	Uncharacterised				opera_contig_149665	MEDIUM	85.56	2.83	MQ	Hybrid	Uncharacterised	1	Lactiplantibacillus	Lactiplantibacillus plantarum	TLL61_bin.24_opera_contig_149665.region001.gbk_region_1
TLL34_bin.65	opera_contig_7	1	85420	126649	FALSE	Uncharacterised				opera_contig_7	MEDIUM	94.94	0	HQ	Hybrid	Uncharacterised	1	Enterocloster	Enterocloster sp900538485	TLL34_bin.65_opera_contig_7.region001.gbk_region_1
TLL89_bin.67	opera_contig_414	1	1968	17713	TRUE	cellulose-like				opera_contig_414	MEDIUM	70	0	MQ	Hybrid	Synthase	2	Duodenibacillus	Duodenibacillus sp900538905	TLL89_bin.67_opera_contig_414.region001.gbk_region_1
TLL87_bin.22	opera_contig_95486	1	203414	232275	FALSE	Uncharacterised				opera_contig_95486	HIGH	96.84	1.27	HQ	Hybrid	Uncharacterised	1	Enterocloster		TLL87_bin.22_opera_contig_95486.region001.gbk_region_1
TLL05_bin.140	opera_contig_308018	1	179349	209640	FALSE	Uncharacterised				opera_contig_308018	HIGH	97.05	0	HQ	Hybrid	Uncharacterised	1	CAG-177	CAG-177 sp003538135	TLL05_bin.140_opera_contig_308018.region001.gbk_region_1
TLL05_bin.140	opera_contig_308018	2	1142421	1176891	FALSE	Uncharacterised				opera_contig_308018	HIGH	97.05	0	HQ	Hybrid	Uncharacterised	1	CAG-177	CAG-177 sp003538135	TLL05_bin.140_opera_contig_308018.region002.gbk_region_1
TLL31_bin.5	opera_contig_326153	1	474802	507984	FALSE	Uncharacterised				opera_contig_326153	MEDIUM	84	0	MQ	Hybrid	Uncharacterised	1	Eubacterium_G	Eubacterium_G sp000435815	TLL31_bin.5_opera_contig_326153.region001.gbk_region_1
TLL10_bin.26	opera_contig_145382	1	405368	425943	FALSE	Uncharacterised				opera_contig_145382	HIGH	97.74	3.37	HQ	Hybrid	Uncharacterised	1	Enterococcus_B	Enterococcus_B hirae	TLL10_bin.26_opera_contig_145382.region001.gbk_region_1
TLL09_bin.32	opera_contig_29572	1	47009	67315	TRUE	pel-positive				opera_contig_29572	MEDIUM	91.28	0.67	HQ	Hybrid	Synthase	2	Lachnospira	Lachnospira sp000437735	TLL09_bin.32_opera_contig_29572.region001.gbk_region_1
TLL02_bin.28	opera_contig_151895	1	7566	20227	FALSE	fructansucrase				opera_contig_151895	MEDIUM	64.01	1.32	MQ	Hybrid	Sucrase	4	Streptococcus	Streptococcus salivarius	TLL02_bin.28_opera_contig_151895.region001.gbk_region_1
TLL02_bin.28	opera_contig_151902	1	28558	40618	TRUE	alpha-glucansucrase				opera_contig_151902	MEDIUM	64.01	1.32	MQ	Hybrid	Sucrase	4	Streptococcus	Streptococcus salivarius	TLL02_bin.28_opera_contig_151902.region001.gbk_region_1
TLL02_bin.28	opera_contig_151920	1	0	16080	TRUE	Uncharacterised				opera_contig_151920	MEDIUM	64.01	1.32	MQ	Hybrid	Uncharacterised	1	Streptococcus	Streptococcus salivarius	TLL02_bin.28_opera_contig_151920.region001.gbk_region_1
TLL02_bin.28	opera_contig_151926	1	3258	15927	TRUE	alpha-glucansucrase				opera_contig_151926	MEDIUM	64.01	1.32	MQ	Hybrid	Sucrase	4	Streptococcus	Streptococcus salivarius	TLL02_bin.28_opera_contig_151926.region001.gbk_region_1
TLL02_bin.28	opera_contig_151935	1	1313	13054	TRUE	pel-like				opera_contig_151935	MEDIUM	64.01	1.32	MQ	Hybrid	Synthase	2	Streptococcus	Streptococcus salivarius	TLL02_bin.28_opera_contig_151935.region001.gbk_region_1
TLL02_bin.28	opera_contig_151942	1	2613	14418	TRUE	alpha-glucansucrase				opera_contig_151942	MEDIUM	64.01	1.32	MQ	Hybrid	Sucrase	4	Streptococcus	Streptococcus salivarius	TLL02_bin.28_opera_contig_151942.region001.gbk_region_1
TLL30_bin.149	opera_contig_355281	1	25441	46268	FALSE	Uncharacterised				opera_contig_355281	HIGH	95.97	1.34	HQ	Hybrid	Uncharacterised	1	UBA1394	UBA1394 sp900066845	TLL30_bin.149_opera_contig_355281.region001.gbk_region_1
TLL03_bin.17	opera_contig_209440	1	0	32222	TRUE	Uncharacterised				opera_contig_209440	HIGH	97.12	0	HQ	Hybrid	Uncharacterised	1	Alistipes_A	Alistipes_A sp900240235	TLL03_bin.17_opera_contig_209440.region001.gbk_region_1
TLL33_bin.8	opera_contig_895	1	0	13314	TRUE	Uncharacterised				opera_contig_895	MEDIUM	61.13	5.23	MQ	Hybrid	Uncharacterised	1	Streptococcus		TLL33_bin.8_opera_contig_895.region001.gbk_region_1
TLL03_bin.60	opera_contig_211246	1	114366	132256	FALSE	pel-positive				opera_contig_211246	HIGH	93.41	4.68	HQ	Hybrid	Synthase	2	Collinsella	Collinsella sp900542825	TLL03_bin.60_opera_contig_211246.region001.gbk_region_1
TLL27_bin.51	opera_contig_129346	1	296278	353036	FALSE	Uncharacterised				opera_contig_129346	HIGH	90.71	1.61	HQ	Hybrid	Uncharacterised	1	Phocaeicola	Phocaeicola massiliensis	TLL27_bin.51_opera_contig_129346.region001.gbk_region_1
TLL27_bin.51	opera_contig_129348	1	92334	131130	FALSE	Uncharacterised				opera_contig_129348	HIGH	90.71	1.61	HQ	Hybrid	Uncharacterised	1	Phocaeicola	Phocaeicola massiliensis	TLL27_bin.51_opera_contig_129348.region001.gbk_region_1
TLL36_bin.52	opera_contig_152836	1	0	7555	TRUE	pel-positive				opera_contig_152836	MEDIUM	63.11	3.57	MQ	Hybrid	Synthase	2	Schaedlerella		TLL36_bin.52_opera_contig_152836.region001.gbk_region_1
TLL20_bin.88	opera_contig_187272	1	749538	791416	FALSE	Uncharacterised				opera_contig_187272	MEDIUM	93.92	0	HQ	Hybrid	Uncharacterised	1	TF01-11	TF01-11 sp003529475	TLL20_bin.88_opera_contig_187272.region001.gbk_region_1
TLL17_bin.38	opera_contig_2089	1	0	7071	TRUE	pel-like				opera_contig_2089	MEDIUM	65.12	0	MQ	Hybrid	Synthase	2	Megasphaera_B	Megasphaera_B sp900538925	TLL17_bin.38_opera_contig_2089.region001.gbk_region_1
TLL102_bin.108	opera_contig_412575	1	84308	111275	FALSE	Uncharacterised				opera_contig_412575	HIGH	96.18	0	HQ	Hybrid	Uncharacterised	1	Eubacterium_R	Eubacterium_R sp000434995	TLL102_bin.108_opera_contig_412575.region001.gbk_region_1
TLL21_bin.31	opera_contig_123486	1	34432	58290	TRUE	Uncharacterised				opera_contig_123486	MEDIUM	88.51	0	MQ	Hybrid	Uncharacterised	1	Longicatena	Longicatena dolichum	TLL21_bin.31_opera_contig_123486.region001.gbk_region_1
TLL09_bin.35	opera_contig_30054	1	250349	307349	FALSE	pel-positive				opera_contig_30054	HIGH	95.86	1.91	HQ	Hybrid	Synthase	2	Blautia	Blautia sp900541955	TLL09_bin.35_opera_contig_30054.region001.gbk_region_1
TLL09_bin.35	opera_contig_30054	1	250349	307349	FALSE	Uncharacterised				opera_contig_30054	HIGH	95.86	1.91	HQ	Hybrid	Uncharacterised	1	Blautia	Blautia sp900541955	TLL09_bin.35_opera_contig_30054.region001.gbk_region_1
TLL11_bin.9	opera_contig_107	1	10401	23789	TRUE	cellulose-gram-positive-like				opera_contig_107	MEDIUM	87.95	0.32	MQ	Hybrid	Synthase	2	CAG-81	CAG-81 sp900541255	TLL11_bin.9_opera_contig_107.region001.gbk_region_1
TLL11_bin.9	opera_contig_163284	1	21099	38750	FALSE	pel-positive				opera_contig_163284	MEDIUM	87.95	0.32	MQ	Hybrid	Synthase	2	CAG-81	CAG-81 sp900541255	TLL11_bin.9_opera_contig_163284.region001.gbk_region_1
TLL51_bin.1	opera_contig_278048	1	0	36465	TRUE	Uncharacterised				opera_contig_278048	MEDIUM	97.82	0	HQ	Hybrid	Uncharacterised	1	Coprococcus	Coprococcus eutactus	TLL51_bin.1_opera_contig_278048.region001.gbk_region_1
TLL02_bin.1	opera_contig_153506	1	81875	99623	FALSE	pel-positive				opera_contig_153506	MEDIUM	53.59	0	MQ	Hybrid	Synthase	2	Blautia_A	Blautia_A sp000436615	TLL02_bin.1_opera_contig_153506.region001.gbk_region_1
TLL04_bin.62	opera_contig_66	1	24582	47634	TRUE	Uncharacterised				opera_contig_66	MEDIUM	67.26	0.7	MQ	Hybrid	Uncharacterised	1	Prevotellamassilia	Prevotellamassilia sp900539625	TLL04_bin.62_opera_contig_66.region001.gbk_region_1
TLL31_bin.3	opera_contig_328006	1	0	16079	TRUE	Uncharacterised				opera_contig_328006	HIGH	94.6	1.35	HQ	Hybrid	Uncharacterised	1	RC9	RC9 sp000433355	TLL31_bin.3_opera_contig_328006.region001.gbk_region_1
TLL04_bin.97	opera_contig_249485	1	0	22492	TRUE	Uncharacterised				opera_contig_249485	HIGH	96.68	0.95	HQ	Hybrid	Uncharacterised	1	Dialister	Dialister sp000434475	TLL04_bin.97_opera_contig_249485.region001.gbk_region_1
TLL13_bin.24	opera_contig_222210	1	19858	32718	TRUE	pel-like				opera_contig_222210	MEDIUM	93.33	1.04	HQ	Hybrid	Synthase	2	Bifidobacterium	Bifidobacterium breve	TLL13_bin.24_opera_contig_222210.region001.gbk_region_1
TLL21_bin.28	opera_contig_121918	1	41899	54765	TRUE	pel-like				opera_contig_121918	MEDIUM	82.68	3.24	MQ	Hybrid	Synthase	2	Blautia	Blautia coccoides	TLL21_bin.28_opera_contig_121918.region001.gbk_region_1
TLL52_bin.77	opera_contig_271973	1	0	15370	TRUE	pel-positive				opera_contig_271973	MEDIUM	71.93	2.63	MQ	Hybrid	Synthase	2	CAG-882	CAG-882 sp000435595	TLL52_bin.77_opera_contig_271973.region001.gbk_region_1
TLL06_bin.39	opera_contig_189728	1	0	24501	TRUE	Uncharacterised				opera_contig_189728	MEDIUM	68.1	3.45	MQ	Hybrid	Uncharacterised	1	Bacteroides	Bacteroides thetaiotaomicron	TLL06_bin.39_opera_contig_189728.region001.gbk_region_1
TLL14_bin.82	opera_contig_175777	1	726348	752077	FALSE	Uncharacterised				opera_contig_175777	MEDIUM	80.42	1.5	MQ	Hybrid	Uncharacterised	1	Phascolarctobacterium	Phascolarctobacterium faecium	TLL14_bin.82_opera_contig_175777.region001.gbk_region_1
TLL05_bin.29	opera_contig_303975	1	0	26825	TRUE	Uncharacterised				opera_contig_303975	MEDIUM	66.01	3.92	MQ	Hybrid	Uncharacterised	1	Bacteroides	Bacteroides caccae	TLL05_bin.29_opera_contig_303975.region001.gbk_region_1
TLL05_bin.29	opera_contig_307403	1	7288	55028	TRUE	Uncharacterised				opera_contig_307403	MEDIUM	66.01	3.92	MQ	Hybrid	Uncharacterised	1	Bacteroides	Bacteroides caccae	TLL05_bin.29_opera_contig_307403.region001.gbk_region_1
TLL05_bin.29	opera_contig_307615	1	44663	96004	TRUE	Uncharacterised				opera_contig_307615	MEDIUM	66.01	3.92	MQ	Hybrid	Uncharacterised	1	Bacteroides	Bacteroides caccae	TLL05_bin.29_opera_contig_307615.region001.gbk_region_1
TLL05_bin.29	opera_contig_307652	1	32283	45052	TRUE	Uncharacterised				opera_contig_307652	MEDIUM	66.01	3.92	MQ	Hybrid	Uncharacterised	1	Bacteroides	Bacteroides caccae	TLL05_bin.29_opera_contig_307652.region001.gbk_region_1
TLL46_bin.53	opera_contig_115208	1	99700	115869	FALSE	cellulose-like				opera_contig_115208	MEDIUM	66.42	0	MQ	Hybrid	Synthase	2	Parasutterella	Parasutterella sp900552195	TLL46_bin.53_opera_contig_115208.region001.gbk_region_1
TLL67_bin.84	opera_contig_200897	1	0	6360	TRUE	pel-positive				opera_contig_200897	MEDIUM	70.89	3.49	MQ	Hybrid	Synthase	2	Streptococcus	Streptococcus parasanguinis_D	TLL67_bin.84_opera_contig_200897.region001.gbk_region_1
TLL39_bin.25	opera_contig_225615	1	7605	23832	TRUE	cellulose-like				opera_contig_225615	MEDIUM	88.12	0.62	MQ	Hybrid	Synthase	2	Turicimonas	Turicimonas sp900542195	TLL39_bin.25_opera_contig_225615.region001.gbk_region_1
TLL101_bin.5	opera_contig_214084	1	40237	73734	FALSE	Uncharacterised				opera_contig_214084	MEDIUM	91.43	0.68	HQ	Hybrid	Uncharacterised	1	Akkermansia	Akkermansia muciniphila_B	TLL101_bin.5_opera_contig_214084.region001.gbk_region_1
TLL101_bin.5	opera_contig_214089	1	0	29676	TRUE	Uncharacterised				opera_contig_214089	MEDIUM	91.43	0.68	HQ	Hybrid	Uncharacterised	1	Akkermansia	Akkermansia muciniphila_B	TLL101_bin.5_opera_contig_214089.region001.gbk_region_1
TLL03_bin.124	opera_contig_211674	1	208	50173	TRUE	Uncharacterised				opera_contig_211674	MEDIUM	91.55	1.34	HQ	Hybrid	Uncharacterised	1	Eubacterium_G	Eubacterium_G sp000434315	TLL03_bin.124_opera_contig_211674.region001.gbk_region_1
TLL62_bin.54	opera_contig_163567	1	48768	63007	FALSE	alpha-glucansucrase				opera_contig_163567	MEDIUM	72.75	0.67	MQ	Hybrid	Sucrase	4	Weissella	Weissella confusa	TLL62_bin.54_opera_contig_163567.region001.gbk_region_1
TLL04_bin.10	opera_contig_247489	1	102874	122989	TRUE	Uncharacterised				opera_contig_247489	MEDIUM	76.76	0.5	MQ	Hybrid	Uncharacterised	1	CAG-279	CAG-279 sp000437795	TLL04_bin.10_opera_contig_247489.region001.gbk_region_1
TLL103_bin.16	opera_contig_195	1	0	20616	TRUE	Uncharacterised				opera_contig_195	MEDIUM	82.17	1.11	MQ	Hybrid	Uncharacterised	1	Fusicatenibacter	Fusicatenibacter sp900543115	TLL103_bin.16_opera_contig_195.region001.gbk_region_1
TLL103_bin.16	opera_contig_64932	1	59328	92940	TRUE	Uncharacterised				opera_contig_64932	MEDIUM	82.17	1.11	MQ	Hybrid	Uncharacterised	1	Fusicatenibacter	Fusicatenibacter sp900543115	TLL103_bin.16_opera_contig_64932.region001.gbk_region_1
TLL31_bin.149	opera_contig_325384	1	77485	93015	TRUE	cellulose-like				opera_contig_325384	MEDIUM	85.19	0	MQ	Hybrid	Synthase	2	CAG-521		TLL31_bin.149_opera_contig_325384.region001.gbk_region_1
TLL74_bin.105	opera_contig_229939	1	0	18130	TRUE	Uncharacterised				opera_contig_229939	MEDIUM	89.26	0	MQ	Hybrid	Uncharacterised	1	TF01-11	TF01-11 sp003524945	TLL74_bin.105_opera_contig_229939.region001.gbk_region_1
TLL06_bin.50	opera_contig_190222	1	59004	85774	FALSE	Uncharacterised				opera_contig_190222	MEDIUM	63.16	0	MQ	Hybrid	Uncharacterised	1	CAG-81	CAG-81 sp000435795	TLL06_bin.50_opera_contig_190222.region001.gbk_region_1
TLL03_bin.61	opera_contig_147	1	51394	68115	TRUE	pel-positive				opera_contig_147	MEDIUM	50.35	0	MQ	Hybrid	Synthase	2	Blautia_A	Blautia_A sp003478765	TLL03_bin.61_opera_contig_147.region001.gbk_region_1
TLL42_bin.34	opera_contig_28	1	25313	49006	TRUE	Uncharacterised				opera_contig_28	HIGH	96.8	2.13	HQ	Hybrid	Uncharacterised	1	Haemophilus_D	Haemophilus_D parainfluenzae	TLL42_bin.34_opera_contig_28.region001.gbk_region_1
TLL42_bin.34	opera_contig_64486	1	33225	48578	FALSE	PNAG-pga				opera_contig_64486	HIGH	96.8	2.13	HQ	Hybrid	Synthase	2	Haemophilus_D	Haemophilus_D parainfluenzae	TLL42_bin.34_opera_contig_64486.region001.gbk_region_1
TLL06_bin.9	opera_contig_189589	1	55446	74025	FALSE	Uncharacterised				opera_contig_189589	HIGH	98.08	0.48	HQ	Hybrid	Uncharacterised	1	Alistipes	Alistipes onderdonkii	TLL06_bin.9_opera_contig_189589.region001.gbk_region_1
TLL104_bin.34	opera_contig_109561	1	396816	414785	FALSE	pel-positive				opera_contig_109561	MEDIUM	73.86	5.15	MQ	Hybrid	Synthase	2	Bifidobacterium	Bifidobacterium sp002742445	TLL104_bin.34_opera_contig_109561.region001.gbk_region_1
TLL67_bin.74	opera_contig_171	1	7314	35306	TRUE	Uncharacterised				opera_contig_171	MEDIUM	55.46	1.72	MQ	Hybrid	Uncharacterised	1	Bacteroides		TLL67_bin.74_opera_contig_171.region001.gbk_region_1
TLL01_bin.3	opera_contig_404	1	1943	17796	TRUE	Uncharacterised				opera_contig_404	MEDIUM	92.3	3.14	HQ	Hybrid	Uncharacterised	1	Dorea	Dorea faecis	TLL01_bin.3_opera_contig_404.region001.gbk_region_1
TLL04_bin.120	opera_contig_94	1	41041	50230	TRUE	Uncharacterised				opera_contig_94	MEDIUM	92.79	0	HQ	Hybrid	Uncharacterised	1	CAG-103	CAG-103 sp900543625	TLL04_bin.120_opera_contig_94.region001.gbk_region_1
TLL04_bin.120	opera_contig_251237	1	0	17688	TRUE	Uncharacterised				opera_contig_251237	MEDIUM	92.79	0	HQ	Hybrid	Uncharacterised	1	CAG-103	CAG-103 sp900543625	TLL04_bin.120_opera_contig_251237.region001.gbk_region_1
TLL04_bin.14	opera_contig_247417	1	152239	189045	FALSE	Uncharacterised				opera_contig_247417	MEDIUM	95.7	5.38	MQ	Hybrid	Uncharacterised	1	Blautia_A	Blautia_A massiliensis	TLL04_bin.14_opera_contig_247417.region001.gbk_region_1
TLL01_bin.7	opera_contig_133158	1	13558	33296	TRUE	Uncharacterised				opera_contig_133158	MEDIUM	62.78	3.48	MQ	Hybrid	Uncharacterised	1	Enterococcus_C	Enterococcus_C asini	TLL01_bin.7_opera_contig_133158.region001.gbk_region_1
TLL21_bin.30	opera_contig_123268	1	449110	471689	FALSE	Uncharacterised				opera_contig_123268	HIGH	97.16	0.58	HQ	Hybrid	Uncharacterised	1	Parabacteroides	Parabacteroides johnsonii	TLL21_bin.30_opera_contig_123268.region001.gbk_region_1
TLL21_bin.30	opera_contig_123272	1	42948	85968	FALSE	Uncharacterised				opera_contig_123272	HIGH	97.16	0.58	HQ	Hybrid	Uncharacterised	1	Parabacteroides	Parabacteroides johnsonii	TLL21_bin.30_opera_contig_123272.region001.gbk_region_1
TLL25_bin.91	opera_contig_145035	1	90443	110963	FALSE	pel-positive				opera_contig_145035	HIGH	90.38	1.34	HQ	Hybrid	Synthase	2	CAG-303	CAG-303 sp000437755	TLL25_bin.91_opera_contig_145035.region001.gbk_region_1
TLL07_bin.49	opera_contig_142383	1	119300	132175	FALSE	pel-like				opera_contig_142383	MEDIUM	82.36	1.85	MQ	Hybrid	Synthase	2	Mediterraneibacter	Mediterraneibacter faecis	TLL07_bin.49_opera_contig_142383.region001.gbk_region_1
TLL95_bin.59	opera_contig_1411	1	0	9388	TRUE	Uncharacterised				opera_contig_1411	MEDIUM	67.47	0	MQ	Hybrid	Uncharacterised	1	Parabacteroides	Parabacteroides sp003480915	TLL95_bin.59_opera_contig_1411.region001.gbk_region_1
TLL45_bin.206	opera_contig_293050	1	268869	303634	FALSE	Uncharacterised				opera_contig_293050	MEDIUM	72.97	0.34	MQ	Hybrid	Uncharacterised	1	UBA1777	UBA1777 sp003150355	TLL45_bin.206_opera_contig_293050.region001.gbk_region_1
TLL100_bin.5	opera_contig_237340	1	325514	367287	TRUE	Uncharacterised				opera_contig_237340	HIGH	90.79	0.5	HQ	Hybrid	Uncharacterised	1	Bacteroides	Bacteroides eggerthii	TLL100_bin.5_opera_contig_237340.region001.gbk_region_1
TLL18_bin.110	opera_contig_300157	1	122325	181876	FALSE	Uncharacterised				opera_contig_300157	MEDIUM	94.77	1.06	HQ	Hybrid	Uncharacterised	1	CAG-95	CAG-95 sp000438155	TLL18_bin.110_opera_contig_300157.region001.gbk_region_1
TLL16_bin.88	opera_contig_18	1	75257	113523	TRUE	Uncharacterised				opera_contig_18	MEDIUM	77.18	0.39	MQ	Hybrid	Uncharacterised	1	Prevotellamassilia	Prevotellamassilia sp900540885	TLL16_bin.88_opera_contig_18.region001.gbk_region_1
TLL27_bin.16	opera_contig_126004	1	21292	34744	FALSE	PNAG-pga-like				opera_contig_126004	MEDIUM	95.11	0.82	HQ	Hybrid	Synthase	2	Oxalobacter	Oxalobacter formigenes	TLL27_bin.16_opera_contig_126004.region001.gbk_region_1
TLL14_bin.85	opera_contig_175734	1	10760	23214	TRUE	cellulose-like				opera_contig_175734	MEDIUM	90.48	0.62	HQ	Hybrid	Synthase	2	Sutterella	Sutterella wadsworthensis_A	TLL14_bin.85_opera_contig_175734.region001.gbk_region_1
TLL107_bin.68	opera_contig_95827	1	15694	56942	TRUE	Uncharacterised				opera_contig_95827	MEDIUM	75.18	3.36	MQ	Hybrid	Uncharacterised	1	Negativibacillus	Negativibacillus massiliensis	TLL107_bin.68_opera_contig_95827.region001.gbk_region_1
TLL106_bin.84	opera_contig_155476	1	80681	98400	FALSE	pel-positive				opera_contig_155476	MEDIUM	64.56	8.76	MQ	Hybrid	Synthase	2	Blautia_A		TLL106_bin.84_opera_contig_155476.region001.gbk_region_1
TLL106_bin.84	opera_contig_155479	1	55339	83927	FALSE	Uncharacterised				opera_contig_155479	MEDIUM	64.56	8.76	MQ	Hybrid	Uncharacterised	1	Blautia_A		TLL106_bin.84_opera_contig_155479.region001.gbk_region_1
TLL65_bin.72	opera_contig_2	1	66701	84206	FALSE	pel-positive				opera_contig_2	MEDIUM	57.48	0.34	MQ	Hybrid	Synthase	2	Gemmiger		TLL65_bin.72_opera_contig_2.region001.gbk_region_1
TLL21_bin.18	opera_contig_123787	1	99421	122594	TRUE	Uncharacterised				opera_contig_123787	MEDIUM	87.19	0.94	MQ	Hybrid	Uncharacterised	1	Longicatena	Longicatena sp003481775	TLL21_bin.18_opera_contig_123787.region001.gbk_region_1
TLL34_bin.59	opera_contig_107532	1	301542	343488	FALSE	Uncharacterised				opera_contig_107532	HIGH	95.13	1.46	HQ	Hybrid	Uncharacterised	1	Sellimonas		TLL34_bin.59_opera_contig_107532.region001.gbk_region_1
TLL101_bin.55	opera_contig_311	1	12293	33959	TRUE	Uncharacterised				opera_contig_311	MEDIUM	78.76	8.92	MQ	Hybrid	Uncharacterised	1	Blautia	Blautia sp900547685	TLL101_bin.55_opera_contig_311.region001.gbk_region_1
TLL101_bin.55	opera_contig_217196	1	2917	50461	TRUE	Uncharacterised				opera_contig_217196	MEDIUM	78.76	8.92	MQ	Hybrid	Uncharacterised	1	Blautia	Blautia sp900547685	TLL101_bin.55_opera_contig_217196.region001.gbk_region_1
TLL02_bin.80	opera_contig_153025	1	0	4912	TRUE	fructansucrase				opera_contig_153025	MEDIUM	66.51	5.4	MQ	Hybrid	Sucrase	4	Streptococcus	Streptococcus lutetiensis	TLL02_bin.80_opera_contig_153025.region001.gbk_region_1
TLL01_bin.17	opera_contig_681	1	547	12599	TRUE	Uncharacterised				opera_contig_681	MEDIUM	78.97	0	MQ	Hybrid	Uncharacterised	1	Megasphaera	Megasphaera sp000417505	TLL01_bin.17_opera_contig_681.region001.gbk_region_1
TLL96_bin.25	opera_contig_145	1	5351	18343	FALSE	PNAG-pga-like				opera_contig_145	MEDIUM	66.03	0.45	MQ	Hybrid	Synthase	2	Haemophilus_D	Haemophilus_D sp001815355	TLL96_bin.25_opera_contig_145.region001.gbk_region_1
TLL13_bin.91	opera_contig_223425	1	8805	30452	TRUE	Uncharacterised				opera_contig_223425	HIGH	97.92	0.56	HQ	Hybrid	Uncharacterised	1	Bacteroides	Bacteroides fragilis	TLL13_bin.91_opera_contig_223425.region001.gbk_region_1
TLL07_bin.31	opera_contig_90	1	0	15157	TRUE	pel-positive				opera_contig_90	MEDIUM	58.62	8.62	MQ	Hybrid	Synthase	2	Collinsella		TLL07_bin.31_opera_contig_90.region001.gbk_region_1
TLL84_bin.92	opera_contig_26	1	0	19446	TRUE	Uncharacterised				opera_contig_26	MEDIUM	57.97	0	MQ	Hybrid	Uncharacterised	1	CAG-594	CAG-594 sp000434835	TLL84_bin.92_opera_contig_26.region001.gbk_region_1
TLL45_bin.81	opera_contig_38	1	82840	100574	FALSE	Uncharacterised				opera_contig_38	MEDIUM	83.34	1.89	MQ	Hybrid	Uncharacterised	1	CAG-873		TLL45_bin.81_opera_contig_38.region001.gbk_region_1
TLL45_bin.81	opera_contig_328	1	11892	55677	TRUE	Uncharacterised				opera_contig_328	MEDIUM	83.34	1.89	MQ	Hybrid	Uncharacterised	1	CAG-873		TLL45_bin.81_opera_contig_328.region001.gbk_region_1
TLL76_bin.62	opera_contig_232966	1	0	17346	TRUE	pel-positive				opera_contig_232966	MEDIUM	84.69	1.52	MQ	Hybrid	Synthase	2	Agathobacter	Agathobacter sp900550545	TLL76_bin.62_opera_contig_232966.region001.gbk_region_1
TLL63_bin.34	opera_contig_6	1	151626	194009	FALSE	Uncharacterised				opera_contig_6	MEDIUM	88.61	1.62	MQ	Hybrid	Uncharacterised	1	Faecalimonas		TLL63_bin.34_opera_contig_6.region001.gbk_region_1
TLL38_bin.25	opera_contig_209991	1	386418	404393	FALSE	pel-positive				opera_contig_209991	HIGH	97.88	1.78	HQ	Hybrid	Synthase	2	Bifidobacterium	Bifidobacterium catenulatum	TLL38_bin.25_opera_contig_209991.region001.gbk_region_1
TLL07_bin.1	opera_contig_142353	1	6942	19817	TRUE	pel-like				opera_contig_142353	MEDIUM	56.14	1.75	MQ	Hybrid	Synthase	2	Enterocloster	Enterocloster sp000431375	TLL07_bin.1_opera_contig_142353.region001.gbk_region_1
TLL01_bin.41	opera_contig_598	1	0	13831	TRUE	Uncharacterised				opera_contig_598	MEDIUM	77.89	0	MQ	Hybrid	Uncharacterised	1	Blautia	Blautia sp002161285	TLL01_bin.41_opera_contig_598.region001.gbk_region_1
TLL03_bin.101	opera_contig_209628	1	198693	216567	FALSE	pel-positive				opera_contig_209628	HIGH	95.42	0.24	HQ	Hybrid	Synthase	2	Roseburia	Roseburia hominis	TLL03_bin.101_opera_contig_209628.region001.gbk_region_1
TLL03_bin.101	opera_contig_209636	1	0	40011	TRUE	Uncharacterised				opera_contig_209636	HIGH	95.42	0.24	HQ	Hybrid	Uncharacterised	1	Roseburia	Roseburia hominis	TLL03_bin.101_opera_contig_209636.region001.gbk_region_1
TLL66_bin.65	opera_contig_215854	1	0	30091	TRUE	Uncharacterised				opera_contig_215854	MEDIUM	85.81	0	MQ	Hybrid	Uncharacterised	1	Clostridium	Clostridium sp001916075	TLL66_bin.65_opera_contig_215854.region001.gbk_region_1
TLL08_bin.38	opera_contig_18	1	21072	49232	FALSE	Uncharacterised				opera_contig_18	MEDIUM	68.1	0	MQ	Hybrid	Uncharacterised	1	Clostridium	Clostridium sp900540255	TLL08_bin.38_opera_contig_18.region001.gbk_region_1
TLL08_bin.38	opera_contig_29	1	48656	81418	TRUE	Uncharacterised				opera_contig_29	MEDIUM	68.1	0	MQ	Hybrid	Uncharacterised	1	Clostridium	Clostridium sp900540255	TLL08_bin.38_opera_contig_29.region001.gbk_region_1
TLL16_bin.56	opera_contig_209465	1	28915	46714	TRUE	pel-positive				opera_contig_209465	MEDIUM	72.17	2.49	MQ	Hybrid	Synthase	2	Faecalibacterium	Faecalibacterium prausnitzii_I	TLL16_bin.56_opera_contig_209465.region001.gbk_region_1
TLL11_bin.46	opera_contig_163745	1	15851	33090	FALSE	pel-positive				opera_contig_163745	MEDIUM	86.7	2.24	MQ	Hybrid	Synthase	2	Coprococcus_A		TLL11_bin.46_opera_contig_163745.region001.gbk_region_1
TLL04_bin.117	opera_contig_249204	1	1558034	1578612	FALSE	Uncharacterised				opera_contig_249204	HIGH	95.89	2.41	HQ	Hybrid	Uncharacterised	1	Klebsiella	Klebsiella quasipneumoniae	TLL04_bin.117_opera_contig_249204.region001.gbk_region_1
TLL04_bin.117	opera_contig_249205	1	163704	179542	FALSE	PNAG-pga				opera_contig_249205	HIGH	95.89	2.41	HQ	Hybrid	Synthase	2	Klebsiella	Klebsiella quasipneumoniae	TLL04_bin.117_opera_contig_249205.region001.gbk_region_1
TLL04_bin.117	opera_contig_249205	2	803546	838266	FALSE	cellulose-type-2				opera_contig_249205	HIGH	95.89	2.41	HQ	Hybrid	Synthase	2	Klebsiella	Klebsiella quasipneumoniae	TLL04_bin.117_opera_contig_249205.region002.gbk_region_1
TLL04_bin.117	opera_contig_249205	2	803546	838266	FALSE	cellulose-type-1				opera_contig_249205	HIGH	95.89	2.41	HQ	Hybrid	Synthase	2	Klebsiella	Klebsiella quasipneumoniae	TLL04_bin.117_opera_contig_249205.region002.gbk_region_1
TLL04_bin.115	opera_contig_249497	1	276264	329689	FALSE	Uncharacterised				opera_contig_249497	HIGH	90.59	1.36	HQ	Hybrid	Uncharacterised	1	Faecalibacterium	Faecalibacterium prausnitzii_D	TLL04_bin.115_opera_contig_249497.region001.gbk_region_1
TLL22_bin.80	opera_contig_174176	1	0	13681	TRUE	Uncharacterised				opera_contig_174176	HIGH	93.23	0.87	HQ	Hybrid	Uncharacterised	1	Phocaeicola	Phocaeicola plebeius_A	TLL22_bin.80_opera_contig_174176.region001.gbk_region_1
TLL15_bin.1	opera_contig_74061	1	1028954	1081225	FALSE	Uncharacterised				opera_contig_74061	HIGH	92.99	0.63	HQ	Hybrid	Uncharacterised	1	Ruminococcus_A	Ruminococcus_A sp000432335	TLL15_bin.1_opera_contig_74061.region001.gbk_region_1
TLL05_bin.25	opera_contig_307560	1	77294	107260	FALSE	Uncharacterised				opera_contig_307560	MEDIUM	78.91	2.72	MQ	Hybrid	Uncharacterised	1	Gemmiger	Gemmiger formicilis	TLL05_bin.25_opera_contig_307560.region001.gbk_region_1
TLL103_bin.34	opera_contig_64900	1	257796	270712	FALSE	pel-like				opera_contig_64900	HIGH	96.19	2.01	HQ	Hybrid	Synthase	2	Lachnospira	Lachnospira sp900316325	TLL103_bin.34_opera_contig_64900.region001.gbk_region_1
TLL03_bin.11	opera_contig_4	1	74550	103288	FALSE	Uncharacterised				opera_contig_4	HIGH	98.79	0.81	HQ	Hybrid	Uncharacterised	1	Slackia_A	Slackia_A isoflavoniconvertens	TLL03_bin.11_opera_contig_4.region001.gbk_region_1
TLL97_bin.48	opera_contig_308588	1	1489	18875	TRUE	pel-positive				opera_contig_308588	MEDIUM	77.88	3.42	MQ	Hybrid	Synthase	2	Streptococcus	Streptococcus anginosus_C	TLL97_bin.48_opera_contig_308588.region001.gbk_region_1
TLL45_bin.44	opera_contig_297697	1	2090480	2150201	FALSE	lactobacillus_eps				opera_contig_297697	HIGH	98.93	0.97	HQ	Hybrid	Wzx/Wzy	3	Lactobacillus	Lactobacillus crispatus	TLL45_bin.44_opera_contig_297697.region001.gbk_region_1
TLL45_bin.44	opera_contig_297697	1	2090480	2150201	FALSE	fructansucrase				opera_contig_297697	HIGH	98.93	0.97	HQ	Hybrid	Sucrase	4	Lactobacillus	Lactobacillus crispatus	TLL45_bin.44_opera_contig_297697.region001.gbk_region_1
TLL01_bin.36	opera_contig_134383	1	0	19820	TRUE	Uncharacterised				opera_contig_134383	MEDIUM	95.53	0.58	HQ	Hybrid	Uncharacterised	1	Parabacteroides	Parabacteroides merdae	TLL01_bin.36_opera_contig_134383.region001.gbk_region_1
TLL01_bin.36	opera_contig_134400	1	0	25687	TRUE	Uncharacterised				opera_contig_134400	MEDIUM	95.53	0.58	HQ	Hybrid	Uncharacterised	1	Parabacteroides	Parabacteroides merdae	TLL01_bin.36_opera_contig_134400.region001.gbk_region_1
TLL44_bin.130	opera_contig_271267	1	183112	220108	FALSE	Uncharacterised				opera_contig_271267	MEDIUM	97.08	4.44	HQ	Hybrid	Uncharacterised	1	Prevotella	Prevotella stercorea	TLL44_bin.130_opera_contig_271267.region001.gbk_region_1
TLL102_bin.122	opera_contig_414698	1	25718	43468	TRUE	pel-positive				opera_contig_414698	MEDIUM	92.26	3.88	HQ	Hybrid	Synthase	2	CAG-510	CAG-510 sp000434615	TLL102_bin.122_opera_contig_414698.region001.gbk_region_1
TLL03_bin.104	opera_contig_212231	1	1031439	1048373	FALSE	cellulose-gram-positive				opera_contig_212231	HIGH	98.99	2.01	HQ	Hybrid	Synthase	2	Clostridium_A	Clostridium_A leptum	TLL03_bin.104_opera_contig_212231.region001.gbk_region_1
TLL06_bin.6	opera_contig_189925	1	2312107	2334274	FALSE	Uncharacterised				opera_contig_189925	HIGH	96.41	0	HQ	Hybrid	Uncharacterised	1	Barnesiella	Barnesiella intestinihominis	TLL06_bin.6_opera_contig_189925.region001.gbk_region_1
TLL06_bin.6	opera_contig_189927	1	34873	56402	FALSE	Uncharacterised				opera_contig_189927	HIGH	96.41	0	HQ	Hybrid	Uncharacterised	1	Barnesiella	Barnesiella intestinihominis	TLL06_bin.6_opera_contig_189927.region001.gbk_region_1
TLL14_bin.43	opera_contig_175858	1	428	67741	TRUE	Uncharacterised				opera_contig_175858	MEDIUM	63.85	7.11	MQ	Hybrid	Uncharacterised	1	Dorea		TLL14_bin.43_opera_contig_175858.region001.gbk_region_1
TLL14_bin.43	opera_contig_177797	1	21812	38429	FALSE	pel-positive				opera_contig_177797	MEDIUM	63.85	7.11	MQ	Hybrid	Synthase	2	Dorea		TLL14_bin.43_opera_contig_177797.region001.gbk_region_1
TLL51_bin.27	opera_contig_24	1	10497	47820	TRUE	Uncharacterised				opera_contig_24	MEDIUM	71.06	0.63	MQ	Hybrid	Uncharacterised	1	UBA9502	UBA9502 sp900538475	TLL51_bin.27_opera_contig_24.region001.gbk_region_1
TLL51_bin.27	opera_contig_1870	1	0	13399	TRUE	Uncharacterised				opera_contig_1870	MEDIUM	71.06	0.63	MQ	Hybrid	Uncharacterised	1	UBA9502	UBA9502 sp900538475	TLL51_bin.27_opera_contig_1870.region001.gbk_region_1
TLL30_bin.83	opera_contig_353228	1	19345	74206	TRUE	Uncharacterised				opera_contig_353228	MEDIUM	88.98	0	MQ	Hybrid	Uncharacterised	1	Gemmiger	Gemmiger sp900540595	TLL30_bin.83_opera_contig_353228.region001.gbk_region_1
TLL57_bin.107	opera_contig_231216	1	183032	200750	FALSE	pel-positive				opera_contig_231216	MEDIUM	94.81	7.38	MQ	Hybrid	Synthase	2	Holdemanella	Holdemanella sp003436425	TLL57_bin.107_opera_contig_231216.region001.gbk_region_1
TLL102_bin.116	opera_contig_952	1	0	28041	TRUE	Uncharacterised				opera_contig_952	MEDIUM	72.19	1.06	MQ	Hybrid	Uncharacterised	1	CAG-238	CAG-238 sp900551415	TLL102_bin.116_opera_contig_952.region001.gbk_region_1
TLL52_bin.6	opera_contig_3	1	56558	103024	FALSE	Uncharacterised				opera_contig_3	MEDIUM	89.04	1.01	MQ	Hybrid	Uncharacterised	1	Eubacterium_R	Eubacterium_R sp900540235	TLL52_bin.6_opera_contig_3.region001.gbk_region_1
TLL52_bin.6	opera_contig_333	1	1910	16088	TRUE	Uncharacterised				opera_contig_333	MEDIUM	89.04	1.01	MQ	Hybrid	Uncharacterised	1	Eubacterium_R	Eubacterium_R sp900540235	TLL52_bin.6_opera_contig_333.region001.gbk_region_1
TLL07_bin.17	opera_contig_142639	1	0	29984	TRUE	Uncharacterised				opera_contig_142639	MEDIUM	86.69	0.01	MQ	Hybrid	Uncharacterised	1	Prevotella	Prevotella sp003447235	TLL07_bin.17_opera_contig_142639.region001.gbk_region_1
TLL82_bin.37	opera_contig_28	1	1717	15704	FALSE	alpha-glucansucrase				opera_contig_28	MEDIUM	73.26	0	MQ	Hybrid	Sucrase	4	Leuconostoc	Leuconostoc sp900554745	TLL82_bin.37_opera_contig_28.region001.gbk_region_1
TLL05_bin.10	opera_contig_308772	1	257582	295538	FALSE	Uncharacterised				opera_contig_308772	HIGH	98.83	0	HQ	Hybrid	Uncharacterised	1	Mediterraneibacter	Mediterraneibacter torques	TLL05_bin.10_opera_contig_308772.region001.gbk_region_1
TLL03_bin.48	opera_contig_209716	1	25316	99477	TRUE	Uncharacterised				opera_contig_209716	MEDIUM	69.3	1.75	MQ	Hybrid	Uncharacterised	1	KLE1615	KLE1615 sp900066985	TLL03_bin.48_opera_contig_209716.region001.gbk_region_1
TLL03_bin.48	opera_contig_209735	1	0	18691	TRUE	pel-positive				opera_contig_209735	MEDIUM	69.3	1.75	MQ	Hybrid	Synthase	2	KLE1615	KLE1615 sp900066985	TLL03_bin.48_opera_contig_209735.region001.gbk_region_1
TLL21_bin.10	opera_contig_122563	1	289114	308748	FALSE	pel-positive				opera_contig_122563	HIGH	96.82	1.72	HQ	Hybrid	Synthase	2	Eisenbergiella	Eisenbergiella massiliensis	TLL21_bin.10_opera_contig_122563.region001.gbk_region_1
TLL21_bin.10	opera_contig_122563	2	339495	358461	FALSE	Uncharacterised				opera_contig_122563	HIGH	96.82	1.72	HQ	Hybrid	Uncharacterised	1	Eisenbergiella	Eisenbergiella massiliensis	TLL21_bin.10_opera_contig_122563.region002.gbk_region_1
TLL01_bin.16	opera_contig_77	1	0	25711	TRUE	Uncharacterised				opera_contig_77	MEDIUM	92.13	0.81	HQ	Hybrid	Uncharacterised	1	Olsenella_E	Olsenella_E sp003609875	TLL01_bin.16_opera_contig_77.region001.gbk_region_1
TLL03_bin.91	opera_contig_209657	1	256720	282139	TRUE	Uncharacterised				opera_contig_209657	MEDIUM	74.37	3.51	MQ	Hybrid	Uncharacterised	1	Ruminococcus_A	Ruminococcus_A sp003011855	TLL03_bin.91_opera_contig_209657.region001.gbk_region_1
TLL08_bin.79	opera_contig_1200	1	0	7720	TRUE	Uncharacterised				opera_contig_1200	HIGH	95.62	1.61	HQ	Hybrid	Uncharacterised	1	Clostridium	Clostridium saudiense	TLL08_bin.79_opera_contig_1200.region001.gbk_region_1
TLL08_bin.79	opera_contig_121679	1	2504820	2539337	FALSE	Uncharacterised				opera_contig_121679	HIGH	95.62	1.61	HQ	Hybrid	Uncharacterised	1	Clostridium	Clostridium saudiense	TLL08_bin.79_opera_contig_121679.region001.gbk_region_1
TLL08_bin.79	opera_contig_121679	2	2595327	2627642	FALSE	Uncharacterised				opera_contig_121679	HIGH	95.62	1.61	HQ	Hybrid	Uncharacterised	1	Clostridium	Clostridium saudiense	TLL08_bin.79_opera_contig_121679.region002.gbk_region_1
TLL08_bin.79	opera_contig_121682	1	0	13069	TRUE	Uncharacterised				opera_contig_121682	HIGH	95.62	1.61	HQ	Hybrid	Uncharacterised	1	Clostridium	Clostridium saudiense	TLL08_bin.79_opera_contig_121682.region001.gbk_region_1
TLL06_bin.118	opera_contig_192258	1	40156	69138	FALSE	Uncharacterised				opera_contig_192258	MEDIUM	62.08	0.67	MQ	Hybrid	Uncharacterised	1	CAG-110	CAG-110 sp003525905	TLL06_bin.118_opera_contig_192258.region001.gbk_region_1
TLL102_bin.48	opera_contig_411779	1	337327	363571	TRUE	Uncharacterised				opera_contig_411779	MEDIUM	76.55	0.22	MQ	Hybrid	Uncharacterised	1	UMGS1781	UMGS1781 sp900553365	TLL102_bin.48_opera_contig_411779.region001.gbk_region_1
TLL02_bin.23	opera_contig_151712	1	0	9033	TRUE	cellulose-like				opera_contig_151712	MEDIUM	80.98	1.22	MQ	Hybrid	Synthase	2	Klebsiella	Klebsiella pneumoniae	TLL02_bin.23_opera_contig_151712.region001.gbk_region_1
TLL02_bin.23	opera_contig_151732	1	25473	43350	TRUE	cellulose-generic				opera_contig_151732	MEDIUM	80.98	1.22	MQ	Hybrid	Synthase	2	Klebsiella	Klebsiella pneumoniae	TLL02_bin.23_opera_contig_151732.region001.gbk_region_1
TLL45_bin.201	opera_contig_151	1	15151	33130	TRUE	Uncharacterised				opera_contig_151	HIGH	93.18	0	HQ	Hybrid	Uncharacterised	1	Weissella	Weissella cibaria	TLL45_bin.201_opera_contig_151.region001.gbk_region_1
TLL45_bin.201	opera_contig_292596	1	69674	84057	FALSE	alpha-glucansucrase				opera_contig_292596	HIGH	93.18	0	HQ	Hybrid	Sucrase	4	Weissella	Weissella cibaria	TLL45_bin.201_opera_contig_292596.region001.gbk_region_1
TLL18_bin.49	opera_contig_300512	1	26775	54884	FALSE	Uncharacterised				opera_contig_300512	MEDIUM	75.39	0.84	MQ	Hybrid	Uncharacterised	1	Prevotella		TLL18_bin.49_opera_contig_300512.region001.gbk_region_1
TLL09_bin.5	opera_contig_29543	1	280273	304882	TRUE	Uncharacterised				opera_contig_29543	MEDIUM	96.13	0	HQ	Hybrid	Uncharacterised	1	Intestinibacter	Intestinibacter bartlettii	TLL09_bin.5_opera_contig_29543.region001.gbk_region_1
TLL30_bin.98	opera_contig_2362	1	0	13372	TRUE	Uncharacterised				opera_contig_2362	MEDIUM	72.41	0.68	MQ	Hybrid	Uncharacterised	1	Akkermansia	Akkermansia sp001580195	TLL30_bin.98_opera_contig_2362.region001.gbk_region_1
TLL28_bin.33	opera_contig_254448	1	200899	235141	TRUE	Uncharacterised				opera_contig_254448	MEDIUM	69.83	5.17	MQ	Hybrid	Uncharacterised	1	Intestinibacter	Intestinibacter sp900540355	TLL28_bin.33_opera_contig_254448.region001.gbk_region_1
TLL109_bin.30	opera_contig_8	1	59096	79396	FALSE	pel-positive				opera_contig_8	MEDIUM	78.65	0.29	MQ	Hybrid	Synthase	2	Dorea	Dorea sp900550865	TLL109_bin.30_opera_contig_8.region001.gbk_region_1
TLL55_bin.47	opera_contig_137994	1	249778	287248	FALSE	Uncharacterised				opera_contig_137994	MEDIUM	96.82	0.7	HQ	Hybrid	Uncharacterised	1	Blautia	Blautia sp000432195	TLL55_bin.47_opera_contig_137994.region001.gbk_region_1
TLL95_bin.19	opera_contig_116513	1	1461	24412	TRUE	Uncharacterised				opera_contig_116513	MEDIUM	70.3	0.54	MQ	Hybrid	Uncharacterised	1	Butyricimonas	Butyricimonas sp002161485	TLL95_bin.19_opera_contig_116513.region001.gbk_region_1
TLL105_bin.45	opera_contig_98982	1	351669	404213	FALSE	Uncharacterised				opera_contig_98982	HIGH	98.11	2.59	HQ	Hybrid	Uncharacterised	1	Holdemanella	Holdemanella biformis	TLL105_bin.45_opera_contig_98982.region001.gbk_region_1
TLL02_bin.5	opera_contig_150578	1	771691	864787	FALSE	Uncharacterised				opera_contig_150578	HIGH	96.64	1.34	HQ	Hybrid	Uncharacterised	1	Anaerostipes	Anaerostipes hadrus	TLL02_bin.5_opera_contig_150578.region001.gbk_region_1
TLL02_bin.5	opera_contig_150578	1	771691	864787	FALSE	Uncharacterised				opera_contig_150578	HIGH	96.64	1.34	HQ	Hybrid	Uncharacterised	1	Anaerostipes	Anaerostipes hadrus	TLL02_bin.5_opera_contig_150578.region001.gbk_region_1
TLL05_bin.53	opera_contig_309136	1	86571	123232	FALSE	Uncharacterised				opera_contig_309136	MEDIUM	71.25	0.59	MQ	Hybrid	Uncharacterised	1	Desulfovibrio	Desulfovibrio piger	TLL05_bin.53_opera_contig_309136.region001.gbk_region_1
TLL08_bin.80	opera_contig_121759	1	54259	69035	TRUE	Uncharacterised				opera_contig_121759	MEDIUM	79.31	0	MQ	Hybrid	Uncharacterised	1	Romboutsia	Romboutsia timonensis	TLL08_bin.80_opera_contig_121759.region001.gbk_region_1
TLL60_bin.45	opera_contig_280	1	12006	28916	TRUE	Uncharacterised				opera_contig_280	MEDIUM	63.23	0.74	MQ	Hybrid	Uncharacterised	1	Prevotella	Prevotella sp900540415	TLL60_bin.45_opera_contig_280.region001.gbk_region_1
TLL04_bin.85	opera_contig_104	1	44	42016	TRUE	Uncharacterised				opera_contig_104	MEDIUM	86.61	3.51	MQ	Hybrid	Uncharacterised	1	Prevotella	Prevotella copri	TLL04_bin.85_opera_contig_104.region001.gbk_region_1
TLL31_bin.85	opera_contig_339	1	25444	44844	TRUE	Uncharacterised				opera_contig_339	MEDIUM	79.47	0.67	MQ	Hybrid	Uncharacterised	1	UBA1394	UBA1394 sp900538575	TLL31_bin.85_opera_contig_339.region001.gbk_region_1
TLL09_bin.8	opera_contig_29377	1	880833	898611	FALSE	pel-positive				opera_contig_29377	HIGH	95.07	2.4	HQ	Hybrid	Synthase	2	Acidaminococcus	Acidaminococcus provencensis	TLL09_bin.8_opera_contig_29377.region001.gbk_region_1
TLL05_bin.161	opera_contig_182	1	41182	58830	TRUE	Uncharacterised				opera_contig_182	MEDIUM	50.2	0.27	MQ	Hybrid	Uncharacterised	1	SFFH01	SFFH01 sp900542395	TLL05_bin.161_opera_contig_182.region001.gbk_region_1
TLL103_bin.12	opera_contig_65105	1	101814	138739	TRUE	Uncharacterised				opera_contig_65105	MEDIUM	93.25	1.24	HQ	Hybrid	Uncharacterised	1	Enterocloster	Enterocloster bolteae	TLL103_bin.12_opera_contig_65105.region001.gbk_region_1
TLL106_bin.67	opera_contig_155333	1	8681	30774	TRUE	Uncharacterised				opera_contig_155333	MEDIUM	66.59	7.43	MQ	Hybrid	Uncharacterised	1	Acetatifactor	Acetatifactor sp900066565	TLL106_bin.67_opera_contig_155333.region001.gbk_region_1
TLL03_bin.83	opera_contig_213442	1	189957	245135	FALSE	Uncharacterised				opera_contig_213442	HIGH	97.66	0	HQ	Hybrid	Uncharacterised	1	Dorea	Dorea longicatena	TLL03_bin.83_opera_contig_213442.region001.gbk_region_1
TLL61_bin.72	opera_contig_150500	1	406319	442435	FALSE	Uncharacterised				opera_contig_150500	HIGH	94.42	0.68	HQ	Hybrid	Uncharacterised	1	Akkermansia	Akkermansia muciniphila_C	TLL61_bin.72_opera_contig_150500.region001.gbk_region_1
TLL61_bin.72	opera_contig_150500	2	2343826	2380531	FALSE	Uncharacterised				opera_contig_150500	HIGH	94.42	0.68	HQ	Hybrid	Uncharacterised	1	Akkermansia	Akkermansia muciniphila_C	TLL61_bin.72_opera_contig_150500.region002.gbk_region_1
TLL37_bin.96	opera_contig_157938	1	28079	45702	FALSE	pel-positive				opera_contig_157938	MEDIUM	66.38	0	MQ	Hybrid	Synthase	2	Clostridium_P	Clostridium_P perfringens	TLL37_bin.96_opera_contig_157938.region001.gbk_region_1
TLL37_bin.96	opera_contig_157939	1	442708	505047	FALSE	Uncharacterised				opera_contig_157939	MEDIUM	66.38	0	MQ	Hybrid	Uncharacterised	1	Clostridium_P	Clostridium_P perfringens	TLL37_bin.96_opera_contig_157939.region001.gbk_region_1
